,city,category,property,price,currency,min_price,max_price
1,Munich,Restaurants,"Meal, Inexpensive Restaurant",15.00,€,10.00,25.00
2,Munich,Restaurants,"Meal for 2 People, Mid-range Restaurant, Three-course",67.50,€,50.00,100.00
3,Munich,Restaurants,McMeal at McDonalds (or Equivalent Combo Meal),9.39,€,8.80,10.00
4,Munich,Restaurants,Domestic Beer (0.5 liter draught),4.50,€,3.00,5.20
5,Munich,Restaurants,Imported Beer (0.33 liter bottle),4.50,€,3.50,5.00
6,Munich,Restaurants,Cappuccino (regular),3.63,€,2.30,4.50
7,Munich,Restaurants,Coke/Pepsi (0.33 liter bottle),3.23,€,2.00,4.00
8,Munich,Restaurants,Water (0.33 liter bottle),2.99,€,2.00,4.00
10,Munich,Markets,"Milk (regular), (1 liter)",1.32,€,1.00,1.79
11,Munich,Markets,Loaf of Fresh White Bread (500g),1.98,€,0.89,3.29
12,Munich,Markets,"Rice (white), (1kg)",2.41,€,1.10,3.50
13,Munich,Markets,Eggs (regular) (12),3.37,€,2.39,4.80
14,Munich,Markets,Local Cheese (1kg),14.54,€,7.00,28.00
15,Munich,Markets,Chicken Fillets (1kg),10.98,€,5.00,15.47
16,Munich,Markets,Beef Round (1kg) (or Equivalent Back Leg Red Meat),19.27,€,8.00,30.00
17,Munich,Markets,Apples (1kg),2.85,€,1.50,4.00
18,Munich,Markets,Banana (1kg),1.87,€,1.20,3.00
19,Munich,Markets,Oranges (1kg),2.35,€,1.90,4.75
20,Munich,Markets,Tomato (1kg),3.55,€,1.50,5.00
21,Munich,Markets,Potato (1kg),1.97,€,1.00,3.00
22,Munich,Markets,Onion (1kg),1.33,€,0.89,2.89
23,Munich,Markets,Lettuce (1 head),1.44,€,0.99,2.00
24,Munich,Markets,Water (1.5 liter bottle),0.78,€,0.20,1.60
25,Munich,Markets,Bottle of Wine (Mid-Range),7.00,€,4.00,15.00
26,Munich,Markets,Domestic Beer (0.5 liter bottle),1.05,€,0.80,1.40
27,Munich,Markets,Imported Beer (0.33 liter bottle),1.75,€,1.00,2.80
28,Munich,Markets,Cigarettes 20 Pack (Marlboro),7.70,€,7.00,8.50
30,Munich,Transportation,One-way Ticket (Local Transport),3.60,€,3.20,3.80
31,Munich,Transportation,Monthly Pass (Regular Price),63.10,€,59.00,70.00
32,Munich,Transportation,Taxi Start (Normal Tariff),4.80,€,4.00,7.00
33,Munich,Transportation,Taxi 1km (Normal Tariff),2.08,€,1.70,3.00
34,Munich,Transportation,Taxi 1hour Waiting (Normal Tariff),30.00,€,30.00,40.00
35,Munich,Transportation,Gasoline (1 liter),1.94,€,1.70,2.20
36,Munich,Transportation,Volkswagen Golf 1.4 90 KW Trendline (Or Equivalent New Car),"25,000.00",€,"24,000.00","28,000.00"
37,Munich,Transportation,Toyota Corolla Sedan 1.6l 97kW Comfort (Or Equivalent New Car),"23,609.29",€,"22,000.00","25,000.00"
39,Munich,Utilities (Monthly),"Basic (Electricity, Heating, Cooling, Water, Garbage) for 85m2 Apartment",312.02,€,231.82,500.00
40,Munich,Utilities (Monthly),1 min. of Prepaid Mobile Tariff Local (No Discounts or Plans),0.11,€,0.05,0.20
41,Munich,Utilities (Monthly),"Internet (60 Mbps or More, Unlimited Data, Cable/ADSL)",37.73,€,30.00,53.00
43,Munich,Internet (60 Mbps,"Fitness Club, Monthly Fee for 1 Adult",46.20,€,25.00,85.00
44,Munich,Internet (60 Mbps,Tennis Court Rent (1 Hour on Weekend),23.88,€,20.00,28.00
45,Munich,Internet (60 Mbps,"Cinema, International Release, 1 Seat",12.00,€,10.00,15.00
47,Munich,Childcare,"Preschool (or Kindergarten), Full Day, Private, Monthly for 1 Child",645.60,€,370.00,"1,000.00"
48,Munich,Childcare,"International Primary School, Yearly for 1 Child","16,540.00",€,"12,000.00","22,000.00"
50,Munich,Clothing And Shoes,1 Pair of Jeans (Levis 501 Or Similar),89.46,€,50.00,110.00
51,Munich,Clothing And Shoes,"1 Summer Dress in a Chain Store (Zara, H&M, ...)",41.23,€,25.00,80.00
52,Munich,Clothing And Shoes,1 Pair of Nike Running Shoes (Mid-Range),95.39,€,60.00,130.00
53,Munich,Clothing And Shoes,1 Pair of Men Leather Business Shoes,119.23,€,60.00,189.00
55,Munich,Rent Per Month,Apartment (1 bedroom) in City Centre,"1,372.02",€,"1,000.00","1,900.00"
56,Munich,Rent Per Month,Apartment (1 bedroom) Outside of Centre,"1,062.49",€,800.00,"1,500.00"
57,Munich,Rent Per Month,Apartment (3 bedrooms) in City Centre,"2,455.97",€,"1,800.00","3,500.00"
58,Munich,Rent Per Month,Apartment (3 bedrooms) Outside of Centre,"1,852.32",€,"1,400.00","2,300.00"
60,Munich,Apartment (3 bedrooms),Price per Square Meter to Buy Apartment in City Centre,"12,323.15",€,"10,000.00","18,000.00"
61,Munich,Apartment (3 bedrooms),Price per Square Meter to Buy Apartment Outside of Centre,"9,097.55",€,"7,500.00","12,000.00"
63,Stuttgart,Restaurants,"Meal, Inexpensive Restaurant",12.00,€,10.00,18.00
64,Stuttgart,Restaurants,"Meal for 2 People, Mid-range Restaurant, Three-course",60.00,€,50.00,100.00
65,Stuttgart,Restaurants,McMeal at McDonalds (or Equivalent Combo Meal),9.29,€,8.00,10.00
66,Stuttgart,Restaurants,Domestic Beer (0.5 liter draught),4.00,€,3.50,5.00
67,Stuttgart,Restaurants,Imported Beer (0.33 liter bottle),3.75,€,3.00,5.00
68,Stuttgart,Restaurants,Cappuccino (regular),3.18,€,2.00,4.50
69,Stuttgart,Restaurants,Coke/Pepsi (0.33 liter bottle),3.02,€,2.50,3.50
70,Stuttgart,Restaurants,Water (0.33 liter bottle),2.50,€,2.00,4.00
72,Stuttgart,Markets,"Milk (regular), (1 liter)",1.12,€,0.80,1.50
73,Stuttgart,Markets,Loaf of Fresh White Bread (500g),1.88,€,1.00,3.00
74,Stuttgart,Markets,"Rice (white), (1kg)",2.35,€,1.00,4.00
75,Stuttgart,Markets,Eggs (regular) (12),2.73,€,1.43,4.50
76,Stuttgart,Markets,Local Cheese (1kg),12.77,€,5.99,20.00
77,Stuttgart,Markets,Chicken Fillets (1kg),8.45,€,5.00,10.00
78,Stuttgart,Markets,Beef Round (1kg) (or Equivalent Back Leg Red Meat),14.71,€,8.00,20.00
79,Stuttgart,Markets,Apples (1kg),2.24,€,1.00,3.57
80,Stuttgart,Markets,Banana (1kg),1.58,€,1.00,3.00
81,Stuttgart,Markets,Oranges (1kg),2.36,€,1.99,5.00
82,Stuttgart,Markets,Tomato (1kg),2.08,€,0.79,4.00
83,Stuttgart,Markets,Potato (1kg),2.08,€,1.00,4.00
84,Stuttgart,Markets,Onion (1kg),1.36,€,0.89,2.50
85,Stuttgart,Markets,Lettuce (1 head),1.26,€,0.89,2.00
86,Stuttgart,Markets,Water (1.5 liter bottle),0.60,€,0.25,1.00
87,Stuttgart,Markets,Bottle of Wine (Mid-Range),5.00,€,3.79,7.00
88,Stuttgart,Markets,Domestic Beer (0.5 liter bottle),0.89,€,0.54,1.30
89,Stuttgart,Markets,Imported Beer (0.33 liter bottle),1.47,€,0.80,3.00
90,Stuttgart,Markets,Cigarettes 20 Pack (Marlboro),7.80,€,7.00,10.00
92,Stuttgart,Transportation,One-way Ticket (Local Transport),2.77,€,2.55,3.17
93,Stuttgart,Transportation,Monthly Pass (Regular Price),73.00,€,60.00,89.00
94,Stuttgart,Transportation,Taxi Start (Normal Tariff),3.50,€,2.60,5.00
95,Stuttgart,Transportation,Taxi 1km (Normal Tariff),2.30,€,1.70,2.50
96,Stuttgart,Transportation,Taxi 1hour Waiting (Normal Tariff),31.50,€,25.80,40.00
97,Stuttgart,Transportation,Gasoline (1 liter),1.98,€,1.67,2.20
98,Stuttgart,Transportation,Volkswagen Golf 1.4 90 KW Trendline (Or Equivalent New Car),"22,000.00",€,"19,945.00","30,000.00"
99,Stuttgart,Transportation,Toyota Corolla Sedan 1.6l 97kW Comfort (Or Equivalent New Car),"23,647.50",€,"22,590.00","29,000.00"
101,Stuttgart,Utilities (Monthly),"Basic (Electricity, Heating, Cooling, Water, Garbage) for 85m2 Apartment",220.23,€,160.00,350.00
102,Stuttgart,Utilities (Monthly),1 min. of Prepaid Mobile Tariff Local (No Discounts or Plans),0.09,€,0.05,0.11
103,Stuttgart,Utilities (Monthly),"Internet (60 Mbps or More, Unlimited Data, Cable/ADSL)",33.06,€,25.00,50.00
105,Stuttgart,Internet (60 Mbps,"Fitness Club, Monthly Fee for 1 Adult",44.65,€,20.00,80.00
106,Stuttgart,Internet (60 Mbps,Tennis Court Rent (1 Hour on Weekend),20.14,€,15.00,23.00
107,Stuttgart,Internet (60 Mbps,"Cinema, International Release, 1 Seat",12.00,€,11.50,15.00
109,Stuttgart,Childcare,"Preschool (or Kindergarten), Full Day, Private, Monthly for 1 Child",402.86,€,250.00,650.00
110,Stuttgart,Childcare,"International Primary School, Yearly for 1 Child","11,842.91",€,"6,014.55","18,000.00"
112,Stuttgart,Clothing And Shoes,1 Pair of Jeans (Levis 501 Or Similar),77.67,€,54.00,100.00
113,Stuttgart,Clothing And Shoes,"1 Summer Dress in a Chain Store (Zara, H&M, ...)",29.00,€,17.00,50.00
114,Stuttgart,Clothing And Shoes,1 Pair of Nike Running Shoes (Mid-Range),67.22,€,59.99,80.00
115,Stuttgart,Clothing And Shoes,1 Pair of Men Leather Business Shoes,90.62,€,69.00,120.00
117,Stuttgart,Rent Per Month,Apartment (1 bedroom) in City Centre,966.79,€,830.00,"1,200.00"
118,Stuttgart,Rent Per Month,Apartment (1 bedroom) Outside of Centre,789.95,€,615.00,"1,100.00"
119,Stuttgart,Rent Per Month,Apartment (3 bedrooms) in City Centre,"1,830.19",€,"1,492.00","3,000.00"
120,Stuttgart,Rent Per Month,Apartment (3 bedrooms) Outside of Centre,"1,306.39",€,"1,100.00","2,400.00"
122,Stuttgart,Apartment (3 bedrooms),Price per Square Meter to Buy Apartment in City Centre,"7,778.67",€,"6,780.00","10,000.00"
123,Stuttgart,Apartment (3 bedrooms),Price per Square Meter to Buy Apartment Outside of Centre,"5,371.11",€,"4,500.00","8,000.00"
125,Karlsruhe,Restaurants,"Meal, Inexpensive Restaurant",11.00,€,8.00,15.00
126,Karlsruhe,Restaurants,"Meal for 2 People, Mid-range Restaurant, Three-course",65.00,€,45.00,120.00
127,Karlsruhe,Restaurants,McMeal at McDonalds (or Equivalent Combo Meal),8.95,€,8.00,9.00
128,Karlsruhe,Restaurants,Domestic Beer (0.5 liter draught),4.00,€,3.00,5.00
129,Karlsruhe,Restaurants,Imported Beer (0.33 liter bottle),3.75,€,3.00,4.00
130,Karlsruhe,Restaurants,Cappuccino (regular),2.92,€,1.50,3.50
131,Karlsruhe,Restaurants,Coke/Pepsi (0.33 liter bottle),2.88,€,2.50,3.50
132,Karlsruhe,Restaurants,Water (0.33 liter bottle),2.00,€,1.50,2.50
134,Karlsruhe,Markets,"Milk (regular), (1 liter)",1.02,€,0.70,1.39
135,Karlsruhe,Markets,Loaf of Fresh White Bread (500g),1.16,€,0.70,2.50
136,Karlsruhe,Markets,"Rice (white), (1kg)",2.10,€,1.00,3.00
137,Karlsruhe,Markets,Eggs (regular) (12),2.62,€,1.79,3.60
138,Karlsruhe,Markets,Local Cheese (1kg),12.52,€,6.00,15.00
139,Karlsruhe,Markets,Chicken Fillets (1kg),7.82,€,6.29,10.00
140,Karlsruhe,Markets,Beef Round (1kg) (or Equivalent Back Leg Red Meat),23.67,€,20.00,26.00
141,Karlsruhe,Markets,Apples (1kg),2.33,€,1.80,2.99
142,Karlsruhe,Markets,Banana (1kg),1.59,€,1.30,1.99
143,Karlsruhe,Markets,Oranges (1kg),1.92,€,1.35,4.00
144,Karlsruhe,Markets,Tomato (1kg),0.79,€,0.79,0.79
145,Karlsruhe,Markets,Potato (1kg),2.17,€,1.50,2.50
146,Karlsruhe,Markets,Onion (1kg),0.89,€,0.89,2.00
147,Karlsruhe,Markets,Lettuce (1 head),1.23,€,0.90,1.50
148,Karlsruhe,Markets,Water (1.5 liter bottle),0.42,€,0.25,0.49
149,Karlsruhe,Markets,Bottle of Wine (Mid-Range),5.50,€,5.00,8.00
150,Karlsruhe,Markets,Domestic Beer (0.5 liter bottle),0.55,€,0.53,0.90
151,Karlsruhe,Markets,Imported Beer (0.33 liter bottle),1.20,€,0.75,2.00
152,Karlsruhe,Markets,Cigarettes 20 Pack (Marlboro),7.10,€,7.00,7.50
154,Karlsruhe,Transportation,One-way Ticket (Local Transport),2.80,€,2.60,3.50
155,Karlsruhe,Transportation,Monthly Pass (Regular Price),68.00,€,62.00,80.00
156,Karlsruhe,Transportation,Taxi Start (Normal Tariff),3.50,€,3.50,3.50
157,Karlsruhe,Transportation,Taxi 1km (Normal Tariff),2.20,€,2.00,2.20
158,Karlsruhe,Transportation,Taxi 1hour Waiting (Normal Tariff),30.00,€,30.00,40.20
159,Karlsruhe,Transportation,Gasoline (1 liter),2.05,€,1.74,2.20
160,Karlsruhe,Transportation,Volkswagen Golf 1.4 90 KW Trendline (Or Equivalent New Car),"23,000.00",€,"20,000.00","25,000.00"
161,Karlsruhe,Transportation,Toyota Corolla Sedan 1.6l 97kW Comfort (Or Equivalent New Car),"27,375.00",€,"21,000.00","30,000.00"
163,Karlsruhe,Utilities (Monthly),"Basic (Electricity, Heating, Cooling, Water, Garbage) for 85m2 Apartment",233.10,€,154.55,318.75
164,Karlsruhe,Utilities (Monthly),1 min. of Prepaid Mobile Tariff Local (No Discounts or Plans),0.10,€,0.09,0.10
165,Karlsruhe,Utilities (Monthly),"Internet (60 Mbps or More, Unlimited Data, Cable/ADSL)",35.12,€,25.00,45.00
167,Karlsruhe,Internet (60 Mbps,"Fitness Club, Monthly Fee for 1 Adult",37.14,€,26.00,45.00
168,Karlsruhe,Internet (60 Mbps,Tennis Court Rent (1 Hour on Weekend),27.67,€,18.00,45.00
169,Karlsruhe,Internet (60 Mbps,"Cinema, International Release, 1 Seat",12.00,€,9.00,15.00
171,Karlsruhe,Childcare,"Preschool (or Kindergarten), Full Day, Private, Monthly for 1 Child",383.75,€,300.00,600.00
172,Karlsruhe,Childcare,"International Primary School, Yearly for 1 Child","8,550.00",€,"5,100.00","12,000.00"
174,Karlsruhe,Clothing And Shoes,1 Pair of Jeans (Levis 501 Or Similar),90.50,€,60.00,100.00
175,Karlsruhe,Clothing And Shoes,"1 Summer Dress in a Chain Store (Zara, H&M, ...)",42.00,€,15.00,70.00
176,Karlsruhe,Clothing And Shoes,1 Pair of Nike Running Shoes (Mid-Range),90.00,€,70.00,100.00
177,Karlsruhe,Clothing And Shoes,1 Pair of Men Leather Business Shoes,133.75,€,120.00,150.00
179,Karlsruhe,Rent Per Month,Apartment (1 bedroom) in City Centre,800.00,€,650.00,"1,000.00"
180,Karlsruhe,Rent Per Month,Apartment (1 bedroom) Outside of Centre,700.00,€,550.00,900.00
181,Karlsruhe,Rent Per Month,Apartment (3 bedrooms) in City Centre,"1,384.29",€,"1,100.00","1,600.00"
182,Karlsruhe,Rent Per Month,Apartment (3 bedrooms) Outside of Centre,"1,228.57",€,"1,000.00","1,500.00"
184,Karlsruhe,Apartment (3 bedrooms),Price per Square Meter to Buy Apartment in City Centre,"4,750.00",€,"4,500.00","5,000.00"
185,Karlsruhe,Apartment (3 bedrooms),Price per Square Meter to Buy Apartment Outside of Centre,"4,066.67",€,"3,900.00","4,200.00"
187,Heidelberg,Restaurants,"Meal, Inexpensive Restaurant",15.00,€,10.00,20.00
188,Heidelberg,Restaurants,"Meal for 2 People, Mid-range Restaurant, Three-course",60.00,€,45.00,80.00
189,Heidelberg,Restaurants,McMeal at McDonalds (or Equivalent Combo Meal),10.00,€,9.00,12.00
190,Heidelberg,Restaurants,Domestic Beer (0.5 liter draught),4.00,€,2.00,5.00
191,Heidelberg,Restaurants,Imported Beer (0.33 liter bottle),3.30,€,3.00,4.50
192,Heidelberg,Restaurants,Cappuccino (regular),3.01,€,2.00,4.00
193,Heidelberg,Restaurants,Coke/Pepsi (0.33 liter bottle),2.39,€,2.00,4.00
194,Heidelberg,Restaurants,Water (0.33 liter bottle),2.22,€,1.50,4.00
196,Heidelberg,Markets,"Milk (regular), (1 liter)",1.06,€,0.80,1.20
197,Heidelberg,Markets,Loaf of Fresh White Bread (500g),2.23,€,1.00,3.50
198,Heidelberg,Markets,"Rice (white), (1kg)",2.12,€,1.00,4.00
199,Heidelberg,Markets,Eggs (regular) (12),3.02,€,1.67,4.80
200,Heidelberg,Markets,Local Cheese (1kg),9.74,€,7.00,12.40
201,Heidelberg,Markets,Chicken Fillets (1kg),7.79,€,3.00,10.00
202,Heidelberg,Markets,Beef Round (1kg) (or Equivalent Back Leg Red Meat),16.87,€,10.00,39.00
203,Heidelberg,Markets,Apples (1kg),2.87,€,1.50,3.50
204,Heidelberg,Markets,Banana (1kg),1.70,€,1.10,3.00
205,Heidelberg,Markets,Oranges (1kg),2.08,€,1.50,5.99
206,Heidelberg,Markets,Tomato (1kg),1.32,€,0.79,2.50
207,Heidelberg,Markets,Potato (1kg),1.80,€,0.59,2.99
208,Heidelberg,Markets,Onion (1kg),1.01,€,0.89,1.50
209,Heidelberg,Markets,Lettuce (1 head),1.53,€,1.00,2.00
210,Heidelberg,Markets,Water (1.5 liter bottle),0.56,€,0.35,1.00
211,Heidelberg,Markets,Bottle of Wine (Mid-Range),5.50,€,3.99,8.00
212,Heidelberg,Markets,Domestic Beer (0.5 liter bottle),0.83,€,0.54,1.29
213,Heidelberg,Markets,Imported Beer (0.33 liter bottle),2.21,€,1.00,3.00
214,Heidelberg,Markets,Cigarettes 20 Pack (Marlboro),7.20,€,7.00,8.00
216,Heidelberg,Transportation,One-way Ticket (Local Transport),2.80,€,2.70,3.00
217,Heidelberg,Transportation,Monthly Pass (Regular Price),85.50,€,78.00,90.00
218,Heidelberg,Transportation,Taxi Start (Normal Tariff),3.00,€,3.00,5.00
219,Heidelberg,Transportation,Taxi 1km (Normal Tariff),2.60,€,1.90,3.00
220,Heidelberg,Transportation,Taxi 1hour Waiting (Normal Tariff),30.00,€,28.20,30.00
221,Heidelberg,Transportation,Gasoline (1 liter),2.00,€,1.74,2.20
222,Heidelberg,Transportation,Volkswagen Golf 1.4 90 KW Trendline (Or Equivalent New Car),"23,000.00",€,"21,000.00","25,000.00"
223,Heidelberg,Transportation,Toyota Corolla Sedan 1.6l 97kW Comfort (Or Equivalent New Car),"28,000.00",€,"30,000.00","31,000.00"
225,Heidelberg,Utilities (Monthly),"Basic (Electricity, Heating, Cooling, Water, Garbage) for 85m2 Apartment",281.85,€,226.67,380.00
226,Heidelberg,Utilities (Monthly),1 min. of Prepaid Mobile Tariff Local (No Discounts or Plans),0.09,€,0.02,0.09
227,Heidelberg,Utilities (Monthly),"Internet (60 Mbps or More, Unlimited Data, Cable/ADSL)",37.12,€,30.00,45.00
229,Heidelberg,Internet (60 Mbps,"Fitness Club, Monthly Fee for 1 Adult",35.75,€,15.00,50.00
230,Heidelberg,Internet (60 Mbps,Tennis Court Rent (1 Hour on Weekend),21.50,€,20.00,24.00
231,Heidelberg,Internet (60 Mbps,"Cinema, International Release, 1 Seat",14.50,€,12.00,15.00
233,Heidelberg,Childcare,"Preschool (or Kindergarten), Full Day, Private, Monthly for 1 Child",430.00,€,250.00,550.00
234,Heidelberg,Childcare,"International Primary School, Yearly for 1 Child","19,000.00",€,"17,000.00","20,000.00"
236,Heidelberg,Clothing And Shoes,1 Pair of Jeans (Levis 501 Or Similar),84.14,€,60.00,110.00
237,Heidelberg,Clothing And Shoes,"1 Summer Dress in a Chain Store (Zara, H&M, ...)",31.25,€,20.00,55.00
238,Heidelberg,Clothing And Shoes,1 Pair of Nike Running Shoes (Mid-Range),90.67,€,75.00,120.00
239,Heidelberg,Clothing And Shoes,1 Pair of Men Leather Business Shoes,114.00,€,80.00,150.00
241,Heidelberg,Rent Per Month,Apartment (1 bedroom) in City Centre,"1,014.09",€,800.00,"1,450.00"
242,Heidelberg,Rent Per Month,Apartment (1 bedroom) Outside of Centre,752.73,€,600.00,"1,000.00"
243,Heidelberg,Rent Per Month,Apartment (3 bedrooms) in City Centre,"1,750.00",€,"1,500.00","2,200.00"
244,Heidelberg,Rent Per Month,Apartment (3 bedrooms) Outside of Centre,"1,390.91",€,"1,100.00","1,900.00"
246,Heidelberg,Apartment (3 bedrooms),Price per Square Meter to Buy Apartment in City Centre,"7,000.00",€,"7,000.00","8,000.00"
247,Heidelberg,Apartment (3 bedrooms),Price per Square Meter to Buy Apartment Outside of Centre,"4,900.00",€,"4,500.00","5,500.00"
249,Mannheim,Restaurants,"Meal, Inexpensive Restaurant",12.00,€,9.00,12.00
250,Mannheim,Restaurants,"Meal for 2 People, Mid-range Restaurant, Three-course",55.00,€,30.00,75.00
251,Mannheim,Restaurants,McMeal at McDonalds (or Equivalent Combo Meal),9.00,€,8.00,10.00
252,Mannheim,Restaurants,Domestic Beer (0.5 liter draught),3.90,€,3.00,5.00
253,Mannheim,Restaurants,Imported Beer (0.33 liter bottle),3.50,€,2.00,4.00
254,Mannheim,Restaurants,Cappuccino (regular),3.00,€,1.00,4.00
255,Mannheim,Restaurants,Coke/Pepsi (0.33 liter bottle),2.34,€,2.00,3.00
256,Mannheim,Restaurants,Water (0.33 liter bottle),2.33,€,2.00,2.50
258,Mannheim,Markets,"Milk (regular), (1 liter)",1.03,€,0.80,1.19
259,Mannheim,Markets,Loaf of Fresh White Bread (500g),1.67,€,1.00,3.25
260,Mannheim,Markets,"Rice (white), (1kg)",1.61,€,1.00,2.29
261,Mannheim,Markets,Eggs (regular) (12),2.48,€,1.44,3.60
262,Mannheim,Markets,Local Cheese (1kg),13.30,€,10.00,16.00
263,Mannheim,Markets,Chicken Fillets (1kg),7.22,€,3.00,10.00
264,Mannheim,Markets,Beef Round (1kg) (or Equivalent Back Leg Red Meat),19.75,€,11.00,23.00
265,Mannheim,Markets,Apples (1kg),2.75,€,1.99,3.99
266,Mannheim,Markets,Banana (1kg),1.60,€,1.59,2.00
267,Mannheim,Markets,Oranges (1kg),1.98,€,1.35,4.00
268,Mannheim,Markets,Tomato (1kg),0.91,€,0.79,2.39
269,Mannheim,Markets,Potato (1kg),1.52,€,0.50,3.00
270,Mannheim,Markets,Onion (1kg),1.01,€,0.89,1.50
271,Mannheim,Markets,Lettuce (1 head),1.15,€,0.99,1.30
272,Mannheim,Markets,Water (1.5 liter bottle),0.41,€,0.25,0.69
273,Mannheim,Markets,Bottle of Wine (Mid-Range),5.00,€,3.00,8.00
274,Mannheim,Markets,Domestic Beer (0.5 liter bottle),0.56,€,0.53,0.89
275,Mannheim,Markets,Imported Beer (0.33 liter bottle),1.30,€,1.00,1.99
276,Mannheim,Markets,Cigarettes 20 Pack (Marlboro),7.20,€,7.00,9.00
278,Mannheim,Transportation,One-way Ticket (Local Transport),2.70,€,2.40,3.00
279,Mannheim,Transportation,Monthly Pass (Regular Price),75.90,€,70.00,90.00
280,Mannheim,Transportation,Taxi Start (Normal Tariff),3.50,€,2.90,3.50
281,Mannheim,Transportation,Taxi 1km (Normal Tariff),2.15,€,1.60,2.90
282,Mannheim,Transportation,Taxi 1hour Waiting (Normal Tariff),30.00,€,30.00,30.00
283,Mannheim,Transportation,Gasoline (1 liter),1.94,€,1.72,2.20
284,Mannheim,Transportation,Volkswagen Golf 1.4 90 KW Trendline (Or Equivalent New Car),"25,500.00",€,"23,000.00","28,000.00"
285,Mannheim,Transportation,Toyota Corolla Sedan 1.6l 97kW Comfort (Or Equivalent New Car),"23,666.67",€,"24,000.00","25,000.00"
287,Mannheim,Utilities (Monthly),"Basic (Electricity, Heating, Cooling, Water, Garbage) for 85m2 Apartment",253.73,€,188.89,310.00
288,Mannheim,Utilities (Monthly),1 min. of Prepaid Mobile Tariff Local (No Discounts or Plans),0.20,€,0.10,0.10
289,Mannheim,Utilities (Monthly),"Internet (60 Mbps or More, Unlimited Data, Cable/ADSL)",35.00,€,25.00,40.00
291,Mannheim,Internet (60 Mbps,"Fitness Club, Monthly Fee for 1 Adult",34.44,€,20.00,50.00
292,Mannheim,Internet (60 Mbps,Tennis Court Rent (1 Hour on Weekend),23.33,€,15.00,25.00
293,Mannheim,Internet (60 Mbps,"Cinema, International Release, 1 Seat",12.00,€,10.00,14.00
295,Mannheim,Childcare,"Preschool (or Kindergarten), Full Day, Private, Monthly for 1 Child",441.67,€,350.00,575.00
296,Mannheim,Childcare,"International Primary School, Yearly for 1 Child","9,250.00",€,,
298,Mannheim,Clothing And Shoes,1 Pair of Jeans (Levis 501 Or Similar),77.50,€,50.00,100.00
299,Mannheim,Clothing And Shoes,"1 Summer Dress in a Chain Store (Zara, H&M, ...)",32.50,€,25.00,40.00
300,Mannheim,Clothing And Shoes,1 Pair of Nike Running Shoes (Mid-Range),96.22,€,70.00,120.00
301,Mannheim,Clothing And Shoes,1 Pair of Men Leather Business Shoes,117.50,€,60.00,160.00
303,Mannheim,Rent Per Month,Apartment (1 bedroom) in City Centre,685.00,€,585.00,865.00
304,Mannheim,Rent Per Month,Apartment (1 bedroom) Outside of Centre,486.88,€,450.00,550.00
305,Mannheim,Rent Per Month,Apartment (3 bedrooms) in City Centre,"1,337.14",€,"1,100.00","1,500.00"
306,Mannheim,Rent Per Month,Apartment (3 bedrooms) Outside of Centre,"1,052.86",€,820.00,"1,300.00"
308,Mannheim,Apartment (3 bedrooms),Price per Square Meter to Buy Apartment in City Centre,"4,500.00",€,,
309,Mannheim,Apartment (3 bedrooms),Price per Square Meter to Buy Apartment Outside of Centre,"5,000.00",€,,
311,Nuremberg,Restaurants,"Meal, Inexpensive Restaurant",10.00,€,8.00,20.00
312,Nuremberg,Restaurants,"Meal for 2 People, Mid-range Restaurant, Three-course",50.00,€,30.00,70.00
313,Nuremberg,Restaurants,McMeal at McDonalds (or Equivalent Combo Meal),9.00,€,8.00,10.00
314,Nuremberg,Restaurants,Domestic Beer (0.5 liter draught),3.50,€,2.80,4.50
315,Nuremberg,Restaurants,Imported Beer (0.33 liter bottle),4.00,€,3.00,5.00
316,Nuremberg,Restaurants,Cappuccino (regular),3.26,€,2.50,4.50
317,Nuremberg,Restaurants,Coke/Pepsi (0.33 liter bottle),2.93,€,2.50,4.00
318,Nuremberg,Restaurants,Water (0.33 liter bottle),2.96,€,2.20,3.50
320,Nuremberg,Markets,"Milk (regular), (1 liter)",1.00,€,0.79,1.25
321,Nuremberg,Markets,Loaf of Fresh White Bread (500g),1.86,€,0.79,3.50
322,Nuremberg,Markets,"Rice (white), (1kg)",2.14,€,1.38,2.99
323,Nuremberg,Markets,Eggs (regular) (12),2.71,€,1.91,3.60
324,Nuremberg,Markets,Local Cheese (1kg),12.76,€,8.00,20.00
325,Nuremberg,Markets,Chicken Fillets (1kg),8.58,€,3.69,12.00
326,Nuremberg,Markets,Beef Round (1kg) (or Equivalent Back Leg Red Meat),14.54,€,9.99,25.00
327,Nuremberg,Markets,Apples (1kg),2.66,€,1.19,3.50
328,Nuremberg,Markets,Banana (1kg),1.58,€,0.99,2.00
329,Nuremberg,Markets,Oranges (1kg),2.10,€,1.98,3.50
330,Nuremberg,Markets,Tomato (1kg),1.64,€,0.79,3.00
331,Nuremberg,Markets,Potato (1kg),1.62,€,0.56,2.50
332,Nuremberg,Markets,Onion (1kg),1.33,€,0.89,3.00
333,Nuremberg,Markets,Lettuce (1 head),1.22,€,0.80,1.69
334,Nuremberg,Markets,Water (1.5 liter bottle),0.56,€,0.25,1.00
335,Nuremberg,Markets,Bottle of Wine (Mid-Range),5.00,€,3.50,7.00
336,Nuremberg,Markets,Domestic Beer (0.5 liter bottle),0.91,€,0.54,1.20
337,Nuremberg,Markets,Imported Beer (0.33 liter bottle),1.38,€,1.00,1.50
338,Nuremberg,Markets,Cigarettes 20 Pack (Marlboro),7.50,€,7.00,8.00
340,Nuremberg,Transportation,One-way Ticket (Local Transport),3.00,€,2.75,3.60
341,Nuremberg,Transportation,Monthly Pass (Regular Price),80.10,€,67.00,92.00
342,Nuremberg,Transportation,Taxi Start (Normal Tariff),3.50,€,3.30,4.50
343,Nuremberg,Transportation,Taxi 1km (Normal Tariff),1.90,€,1.75,3.50
344,Nuremberg,Transportation,Taxi 1hour Waiting (Normal Tariff),26.00,€,24.00,38.00
345,Nuremberg,Transportation,Gasoline (1 liter),2.03,€,1.74,2.20
346,Nuremberg,Transportation,Volkswagen Golf 1.4 90 KW Trendline (Or Equivalent New Car),"25,000.00",€,"20,000.00","29,000.00"
347,Nuremberg,Transportation,Toyota Corolla Sedan 1.6l 97kW Comfort (Or Equivalent New Car),"25,166.67",€,"25,000.00","26,000.00"
349,Nuremberg,Utilities (Monthly),"Basic (Electricity, Heating, Cooling, Water, Garbage) for 85m2 Apartment",239.98,€,128.79,385.00
350,Nuremberg,Utilities (Monthly),1 min. of Prepaid Mobile Tariff Local (No Discounts or Plans),0.12,€,0.09,0.19
351,Nuremberg,Utilities (Monthly),"Internet (60 Mbps or More, Unlimited Data, Cable/ADSL)",34.77,€,30.00,40.00
353,Nuremberg,Internet (60 Mbps,"Fitness Club, Monthly Fee for 1 Adult",30.93,€,20.00,50.00
354,Nuremberg,Internet (60 Mbps,Tennis Court Rent (1 Hour on Weekend),18.33,€,12.00,25.00
355,Nuremberg,Internet (60 Mbps,"Cinema, International Release, 1 Seat",13.00,€,12.00,18.00
357,Nuremberg,Childcare,"Preschool (or Kindergarten), Full Day, Private, Monthly for 1 Child",395.38,€,300.00,500.00
358,Nuremberg,Childcare,"International Primary School, Yearly for 1 Child","12,812.50",€,"11,250.00","15,000.00"
360,Nuremberg,Clothing And Shoes,1 Pair of Jeans (Levis 501 Or Similar),85.56,€,55.00,120.00
361,Nuremberg,Clothing And Shoes,"1 Summer Dress in a Chain Store (Zara, H&M, ...)",42.62,€,29.00,50.00
362,Nuremberg,Clothing And Shoes,1 Pair of Nike Running Shoes (Mid-Range),82.56,€,60.00,120.00
363,Nuremberg,Clothing And Shoes,1 Pair of Men Leather Business Shoes,110.62,€,75.00,199.00
365,Nuremberg,Rent Per Month,Apartment (1 bedroom) in City Centre,722.00,€,500.00,"1,000.00"
366,Nuremberg,Rent Per Month,Apartment (1 bedroom) Outside of Centre,535.00,€,400.00,"1,000.00"
367,Nuremberg,Rent Per Month,Apartment (3 bedrooms) in City Centre,"1,430.77",€,"1,000.00","2,000.00"
368,Nuremberg,Rent Per Month,Apartment (3 bedrooms) Outside of Centre,966.67,€,800.00,"1,400.00"
370,Nuremberg,Apartment (3 bedrooms),Price per Square Meter to Buy Apartment in City Centre,"6,242.51",€,"4,800.00","8,000.00"
371,Nuremberg,Apartment (3 bedrooms),Price per Square Meter to Buy Apartment Outside of Centre,"4,700.00",€,"3,600.00","6,000.00"
373,Darmstadt,Restaurants,"Meal, Inexpensive Restaurant",18.00,€,10.00,30.00
374,Darmstadt,Restaurants,"Meal for 2 People, Mid-range Restaurant, Three-course",60.00,€,50.00,95.00
375,Darmstadt,Restaurants,McMeal at McDonalds (or Equivalent Combo Meal),9.00,€,8.00,15.00
376,Darmstadt,Restaurants,Domestic Beer (0.5 liter draught),4.00,€,3.00,5.00
377,Darmstadt,Restaurants,Imported Beer (0.33 liter bottle),3.80,€,3.00,5.00
378,Darmstadt,Restaurants,Cappuccino (regular),3.35,€,2.00,4.00
379,Darmstadt,Restaurants,Coke/Pepsi (0.33 liter bottle),2.48,€,2.00,3.00
380,Darmstadt,Restaurants,Water (0.33 liter bottle),2.47,€,2.00,3.00
382,Darmstadt,Markets,"Milk (regular), (1 liter)",1.43,€,0.93,2.00
383,Darmstadt,Markets,Loaf of Fresh White Bread (500g),3.21,€,1.50,5.00
384,Darmstadt,Markets,"Rice (white), (1kg)",2.44,€,1.50,4.00
385,Darmstadt,Markets,Eggs (regular) (12),3.25,€,2.39,5.16
386,Darmstadt,Markets,Local Cheese (1kg),23.70,€,12.40,50.00
387,Darmstadt,Markets,Chicken Fillets (1kg),7.89,€,3.00,20.00
388,Darmstadt,Markets,Beef Round (1kg) (or Equivalent Back Leg Red Meat),15.25,€,4.00,25.00
389,Darmstadt,Markets,Apples (1kg),2.74,€,1.00,4.00
390,Darmstadt,Markets,Banana (1kg),1.79,€,1.09,3.00
391,Darmstadt,Markets,Oranges (1kg),2.55,€,1.50,5.00
392,Darmstadt,Markets,Tomato (1kg),0.91,€,0.79,2.50
393,Darmstadt,Markets,Potato (1kg),2.43,€,0.80,4.00
394,Darmstadt,Markets,Onion (1kg),1.34,€,0.89,3.00
395,Darmstadt,Markets,Lettuce (1 head),1.60,€,0.70,3.00
396,Darmstadt,Markets,Water (1.5 liter bottle),0.98,€,0.30,3.00
397,Darmstadt,Markets,Bottle of Wine (Mid-Range),7.00,€,3.60,8.00
398,Darmstadt,Markets,Domestic Beer (0.5 liter bottle),0.59,€,0.53,1.00
399,Darmstadt,Markets,Imported Beer (0.33 liter bottle),1.82,€,1.15,2.49
400,Darmstadt,Markets,Cigarettes 20 Pack (Marlboro),7.00,€,6.20,8.00
402,Darmstadt,Transportation,One-way Ticket (Local Transport),3.00,€,2.40,3.60
403,Darmstadt,Transportation,Monthly Pass (Regular Price),60.00,€,48.00,80.00
404,Darmstadt,Transportation,Taxi Start (Normal Tariff),3.50,€,3.50,4.50
405,Darmstadt,Transportation,Taxi 1km (Normal Tariff),2.00,€,2.00,2.00
406,Darmstadt,Transportation,Taxi 1hour Waiting (Normal Tariff),33.00,€,33.00,33.00
407,Darmstadt,Transportation,Gasoline (1 liter),2.00,€,1.74,2.20
408,Darmstadt,Transportation,Volkswagen Golf 1.4 90 KW Trendline (Or Equivalent New Car),"35,000.00",€,"30,000.00","40,000.00"
409,Darmstadt,Transportation,Toyota Corolla Sedan 1.6l 97kW Comfort (Or Equivalent New Car),"40,000.00",€,"35,000.00","45,000.00"
411,Darmstadt,Utilities (Monthly),"Basic (Electricity, Heating, Cooling, Water, Garbage) for 85m2 Apartment",231.54,€,180.00,300.00
412,Darmstadt,Utilities (Monthly),1 min. of Prepaid Mobile Tariff Local (No Discounts or Plans),0.12,€,0.09,0.11
413,Darmstadt,Utilities (Monthly),"Internet (60 Mbps or More, Unlimited Data, Cable/ADSL)",38.61,€,35.00,50.00
415,Darmstadt,Internet (60 Mbps,"Fitness Club, Monthly Fee for 1 Adult",42.50,€,30.00,50.00
416,Darmstadt,Internet (60 Mbps,Tennis Court Rent (1 Hour on Weekend),80.00,€,,
417,Darmstadt,Internet (60 Mbps,"Cinema, International Release, 1 Seat",12.00,€,10.00,15.00
419,Darmstadt,Childcare,"Preschool (or Kindergarten), Full Day, Private, Monthly for 1 Child",560.00,€,400.00,"1,250.00"
420,Darmstadt,Childcare,"International Primary School, Yearly for 1 Child","39,333.33",€,"10,000.00","90,000.00"
422,Darmstadt,Clothing And Shoes,1 Pair of Jeans (Levis 501 Or Similar),79.50,€,70.00,90.00
423,Darmstadt,Clothing And Shoes,"1 Summer Dress in a Chain Store (Zara, H&M, ...)",40.00,€,30.00,90.00
424,Darmstadt,Clothing And Shoes,1 Pair of Nike Running Shoes (Mid-Range),93.33,€,65.00,120.00
425,Darmstadt,Clothing And Shoes,1 Pair of Men Leather Business Shoes,107.83,€,80.00,150.00
427,Darmstadt,Rent Per Month,Apartment (1 bedroom) in City Centre,959.09,€,750.00,"1,200.00"
428,Darmstadt,Rent Per Month,Apartment (1 bedroom) Outside of Centre,695.00,€,500.00,980.00
429,Darmstadt,Rent Per Month,Apartment (3 bedrooms) in City Centre,"1,713.75",€,"1,500.00","2,000.00"
430,Darmstadt,Rent Per Month,Apartment (3 bedrooms) Outside of Centre,"1,358.33",€,"1,000.00","2,000.00"
432,Darmstadt,Apartment (3 bedrooms),Price per Square Meter to Buy Apartment in City Centre,"5,200.00",€,"4,000.00","6,500.00"
433,Darmstadt,Apartment (3 bedrooms),Price per Square Meter to Buy Apartment Outside of Centre,"3,750.00",€,"3,500.00","4,000.00"
435,Frankfurt,Restaurants,"Meal, Inexpensive Restaurant",14.00,€,9.00,20.00
436,Frankfurt,Restaurants,"Meal for 2 People, Mid-range Restaurant, Three-course",60.00,€,50.00,100.00
437,Frankfurt,Restaurants,McMeal at McDonalds (or Equivalent Combo Meal),9.00,€,8.00,10.00
438,Frankfurt,Restaurants,Domestic Beer (0.5 liter draught),4.50,€,3.10,5.50
439,Frankfurt,Restaurants,Imported Beer (0.33 liter bottle),4.00,€,2.80,5.00
440,Frankfurt,Restaurants,Cappuccino (regular),3.30,€,2.00,5.00
441,Frankfurt,Restaurants,Coke/Pepsi (0.33 liter bottle),2.68,€,2.00,4.00
442,Frankfurt,Restaurants,Water (0.33 liter bottle),2.52,€,2.00,3.00
444,Frankfurt,Markets,"Milk (regular), (1 liter)",1.12,€,0.89,1.59
445,Frankfurt,Markets,Loaf of Fresh White Bread (500g),1.85,€,1.00,3.80
446,Frankfurt,Markets,"Rice (white), (1kg)",2.03,€,1.00,4.00
447,Frankfurt,Markets,Eggs (regular) (12),2.82,€,1.20,4.20
448,Frankfurt,Markets,Local Cheese (1kg),12.47,€,6.00,30.00
449,Frankfurt,Markets,Chicken Fillets (1kg),10.29,€,4.99,16.00
450,Frankfurt,Markets,Beef Round (1kg) (or Equivalent Back Leg Red Meat),17.07,€,7.00,30.00
451,Frankfurt,Markets,Apples (1kg),2.56,€,1.00,3.50
452,Frankfurt,Markets,Banana (1kg),1.63,€,1.00,3.00
453,Frankfurt,Markets,Oranges (1kg),2.11,€,1.00,5.99
454,Frankfurt,Markets,Tomato (1kg),1.95,€,0.79,4.00
455,Frankfurt,Markets,Potato (1kg),1.58,€,0.50,3.49
456,Frankfurt,Markets,Onion (1kg),1.01,€,0.89,1.30
457,Frankfurt,Markets,Lettuce (1 head),1.35,€,0.75,2.80
458,Frankfurt,Markets,Water (1.5 liter bottle),0.56,€,0.19,1.00
459,Frankfurt,Markets,Bottle of Wine (Mid-Range),6.00,€,3.00,8.99
460,Frankfurt,Markets,Domestic Beer (0.5 liter bottle),0.89,€,0.50,1.20
461,Frankfurt,Markets,Imported Beer (0.33 liter bottle),1.59,€,0.80,3.00
462,Frankfurt,Markets,Cigarettes 20 Pack (Marlboro),7.35,€,7.00,8.00
464,Frankfurt,Transportation,One-way Ticket (Local Transport),3.35,€,2.75,3.40
465,Frankfurt,Transportation,Monthly Pass (Regular Price),94.50,€,80.00,100.00
466,Frankfurt,Transportation,Taxi Start (Normal Tariff),3.50,€,3.50,5.00
467,Frankfurt,Transportation,Taxi 1km (Normal Tariff),1.90,€,1.40,2.00
468,Frankfurt,Transportation,Taxi 1hour Waiting (Normal Tariff),33.00,€,33.00,33.00
469,Frankfurt,Transportation,Gasoline (1 liter),1.99,€,1.70,2.20
470,Frankfurt,Transportation,Volkswagen Golf 1.4 90 KW Trendline (Or Equivalent New Car),"25,000.00",€,"18,900.00","27,000.00"
471,Frankfurt,Transportation,Toyota Corolla Sedan 1.6l 97kW Comfort (Or Equivalent New Car),"23,895.00",€,"23,000.00","27,000.00"
473,Frankfurt,Utilities (Monthly),"Basic (Electricity, Heating, Cooling, Water, Garbage) for 85m2 Apartment",325.34,€,250.00,453.33
474,Frankfurt,Utilities (Monthly),1 min. of Prepaid Mobile Tariff Local (No Discounts or Plans),0.09,€,0.05,0.10
475,Frankfurt,Utilities (Monthly),"Internet (60 Mbps or More, Unlimited Data, Cable/ADSL)",34.61,€,25.00,50.00
477,Frankfurt,Internet (60 Mbps,"Fitness Club, Monthly Fee for 1 Adult",44.77,€,20.00,66.00
478,Frankfurt,Internet (60 Mbps,Tennis Court Rent (1 Hour on Weekend),18.50,€,10.00,25.00
479,Frankfurt,Internet (60 Mbps,"Cinema, International Release, 1 Seat",12.00,€,11.40,20.00
481,Frankfurt,Childcare,"Preschool (or Kindergarten), Full Day, Private, Monthly for 1 Child",536.14,€,290.00,975.00
482,Frankfurt,Childcare,"International Primary School, Yearly for 1 Child","12,483.33",€,"8,000.00","20,000.00"
484,Frankfurt,Clothing And Shoes,1 Pair of Jeans (Levis 501 Or Similar),74.99,€,47.00,109.00
485,Frankfurt,Clothing And Shoes,"1 Summer Dress in a Chain Store (Zara, H&M, ...)",34.15,€,20.00,45.00
486,Frankfurt,Clothing And Shoes,1 Pair of Nike Running Shoes (Mid-Range),86.37,€,55.00,129.90
487,Frankfurt,Clothing And Shoes,1 Pair of Men Leather Business Shoes,130.42,€,74.00,200.00
489,Frankfurt,Rent Per Month,Apartment (1 bedroom) in City Centre,"1,131.03",€,900.00,"1,450.00"
490,Frankfurt,Rent Per Month,Apartment (1 bedroom) Outside of Centre,826.09,€,650.00,"1,000.00"
491,Frankfurt,Rent Per Month,Apartment (3 bedrooms) in City Centre,"2,071.10",€,"1,600.00","3,500.00"
492,Frankfurt,Rent Per Month,Apartment (3 bedrooms) Outside of Centre,"1,488.10",€,"1,200.00","2,000.00"
494,Frankfurt,Apartment (3 bedrooms),Price per Square Meter to Buy Apartment in City Centre,"8,956.11",€,"7,100.00","10,000.00"
495,Frankfurt,Apartment (3 bedrooms),Price per Square Meter to Buy Apartment Outside of Centre,"6,092.73",€,"5,000.00","8,000.00"
497,Dresden,Restaurants,"Meal, Inexpensive Restaurant",10.00,€,7.50,15.00
498,Dresden,Restaurants,"Meal for 2 People, Mid-range Restaurant, Three-course",50.00,€,40.00,80.00
499,Dresden,Restaurants,McMeal at McDonalds (or Equivalent Combo Meal),9.50,€,8.00,10.00
500,Dresden,Restaurants,Domestic Beer (0.5 liter draught),4.00,€,3.00,5.00
501,Dresden,Restaurants,Imported Beer (0.33 liter bottle),3.50,€,3.00,4.20
502,Dresden,Restaurants,Cappuccino (regular),3.18,€,2.50,4.00
503,Dresden,Restaurants,Coke/Pepsi (0.33 liter bottle),2.80,€,2.00,3.50
504,Dresden,Restaurants,Water (0.33 liter bottle),1.94,€,1.50,3.00
506,Dresden,Markets,"Milk (regular), (1 liter)",1.10,€,0.80,1.50
507,Dresden,Markets,Loaf of Fresh White Bread (500g),1.18,€,0.60,2.00
508,Dresden,Markets,"Rice (white), (1kg)",2.11,€,1.19,3.00
509,Dresden,Markets,Eggs (regular) (12),2.47,€,2.00,3.00
510,Dresden,Markets,Local Cheese (1kg),10.21,€,5.98,12.40
511,Dresden,Markets,Chicken Fillets (1kg),8.00,€,3.00,11.92
512,Dresden,Markets,Beef Round (1kg) (or Equivalent Back Leg Red Meat),11.71,€,5.00,15.00
513,Dresden,Markets,Apples (1kg),2.02,€,1.20,2.99
514,Dresden,Markets,Banana (1kg),1.73,€,1.30,2.50
515,Dresden,Markets,Oranges (1kg),2.37,€,1.99,4.00
516,Dresden,Markets,Tomato (1kg),1.43,€,0.79,3.00
517,Dresden,Markets,Potato (1kg),1.47,€,1.00,3.00
518,Dresden,Markets,Onion (1kg),1.16,€,0.75,2.00
519,Dresden,Markets,Lettuce (1 head),1.13,€,1.00,1.59
520,Dresden,Markets,Water (1.5 liter bottle),0.73,€,0.30,2.00
521,Dresden,Markets,Bottle of Wine (Mid-Range),6.00,€,5.00,10.00
522,Dresden,Markets,Domestic Beer (0.5 liter bottle),0.87,€,0.54,1.00
523,Dresden,Markets,Imported Beer (0.33 liter bottle),1.32,€,1.00,2.00
524,Dresden,Markets,Cigarettes 20 Pack (Marlboro),8.00,€,6.00,8.00
526,Dresden,Transportation,One-way Ticket (Local Transport),2.70,€,2.50,2.80
527,Dresden,Transportation,Monthly Pass (Regular Price),66.00,€,60.00,70.00
528,Dresden,Transportation,Taxi Start (Normal Tariff),4.00,€,3.50,10.00
529,Dresden,Transportation,Taxi 1km (Normal Tariff),2.30,€,2.00,2.70
530,Dresden,Transportation,Taxi 1hour Waiting (Normal Tariff),27.00,€,20.00,30.00
531,Dresden,Transportation,Gasoline (1 liter),2.04,€,1.74,2.20
532,Dresden,Transportation,Volkswagen Golf 1.4 90 KW Trendline (Or Equivalent New Car),"23,425.00",€,"22,000.00","28,500.00"
533,Dresden,Transportation,Toyota Corolla Sedan 1.6l 97kW Comfort (Or Equivalent New Car),"27,216.67",€,"25,000.00","26,650.00"
535,Dresden,Utilities (Monthly),"Basic (Electricity, Heating, Cooling, Water, Garbage) for 85m2 Apartment",248.21,€,182.14,400.00
536,Dresden,Utilities (Monthly),1 min. of Prepaid Mobile Tariff Local (No Discounts or Plans),0.09,€,0.05,0.09
537,Dresden,Utilities (Monthly),"Internet (60 Mbps or More, Unlimited Data, Cable/ADSL)",32.56,€,30.00,45.99
539,Dresden,Internet (60 Mbps,"Fitness Club, Monthly Fee for 1 Adult",29.75,€,20.00,40.00
540,Dresden,Internet (60 Mbps,Tennis Court Rent (1 Hour on Weekend),20.00,€,10.00,25.00
541,Dresden,Internet (60 Mbps,"Cinema, International Release, 1 Seat",10.00,€,8.00,13.50
543,Dresden,Childcare,"Preschool (or Kindergarten), Full Day, Private, Monthly for 1 Child",230.71,€,155.00,300.00
544,Dresden,Childcare,"International Primary School, Yearly for 1 Child","8,850.00",€,"7,000.00","12,500.00"
546,Dresden,Clothing And Shoes,1 Pair of Jeans (Levis 501 Or Similar),85.00,€,70.00,100.00
547,Dresden,Clothing And Shoes,"1 Summer Dress in a Chain Store (Zara, H&M, ...)",40.83,€,30.00,60.00
548,Dresden,Clothing And Shoes,1 Pair of Nike Running Shoes (Mid-Range),82.14,€,70.00,110.00
549,Dresden,Clothing And Shoes,1 Pair of Men Leather Business Shoes,118.62,€,80.00,150.00
551,Dresden,Rent Per Month,Apartment (1 bedroom) in City Centre,594.50,€,400.00,800.00
552,Dresden,Rent Per Month,Apartment (1 bedroom) Outside of Centre,433.33,€,300.00,650.00
553,Dresden,Rent Per Month,Apartment (3 bedrooms) in City Centre,"1,120.83",€,900.00,"1,450.00"
554,Dresden,Rent Per Month,Apartment (3 bedrooms) Outside of Centre,871.54,€,600.00,"1,200.00"
556,Dresden,Apartment (3 bedrooms),Price per Square Meter to Buy Apartment in City Centre,"4,211.00",€,"3,680.00","4,500.00"
557,Dresden,Apartment (3 bedrooms),Price per Square Meter to Buy Apartment Outside of Centre,"3,160.00",€,"2,300.00","4,000.00"
559,Leipzig,Restaurants,"Meal, Inexpensive Restaurant",10.50,€,5.00,14.00
560,Leipzig,Restaurants,"Meal for 2 People, Mid-range Restaurant, Three-course",50.00,€,40.00,70.00
561,Leipzig,Restaurants,McMeal at McDonalds (or Equivalent Combo Meal),8.00,€,7.00,9.00
562,Leipzig,Restaurants,Domestic Beer (0.5 liter draught),4.00,€,2.60,5.50
563,Leipzig,Restaurants,Imported Beer (0.33 liter bottle),3.50,€,3.00,4.00
564,Leipzig,Restaurants,Cappuccino (regular),3.07,€,2.00,4.00
565,Leipzig,Restaurants,Coke/Pepsi (0.33 liter bottle),3.03,€,2.00,4.00
566,Leipzig,Restaurants,Water (0.33 liter bottle),2.54,€,2.00,3.70
568,Leipzig,Markets,"Milk (regular), (1 liter)",1.13,€,0.88,1.69
569,Leipzig,Markets,Loaf of Fresh White Bread (500g),1.50,€,1.00,3.50
570,Leipzig,Markets,"Rice (white), (1kg)",1.66,€,1.00,2.99
571,Leipzig,Markets,Eggs (regular) (12),2.45,€,1.56,3.60
572,Leipzig,Markets,Local Cheese (1kg),11.69,€,8.00,22.00
573,Leipzig,Markets,Chicken Fillets (1kg),8.10,€,4.00,12.95
574,Leipzig,Markets,Beef Round (1kg) (or Equivalent Back Leg Red Meat),14.57,€,9.00,19.00
575,Leipzig,Markets,Apples (1kg),2.40,€,1.50,3.20
576,Leipzig,Markets,Banana (1kg),1.61,€,1.10,3.00
577,Leipzig,Markets,Oranges (1kg),2.09,€,1.00,3.00
578,Leipzig,Markets,Tomato (1kg),1.45,€,0.79,3.00
579,Leipzig,Markets,Potato (1kg),1.61,€,0.60,3.00
580,Leipzig,Markets,Onion (1kg),1.02,€,0.70,1.50
581,Leipzig,Markets,Lettuce (1 head),1.14,€,0.50,1.50
582,Leipzig,Markets,Water (1.5 liter bottle),0.48,€,0.28,0.99
583,Leipzig,Markets,Bottle of Wine (Mid-Range),6.00,€,3.00,9.00
584,Leipzig,Markets,Domestic Beer (0.5 liter bottle),0.76,€,0.54,1.00
585,Leipzig,Markets,Imported Beer (0.33 liter bottle),1.15,€,1.00,1.50
586,Leipzig,Markets,Cigarettes 20 Pack (Marlboro),7.50,€,7.20,8.00
588,Leipzig,Transportation,One-way Ticket (Local Transport),3.00,€,3.00,3.40
589,Leipzig,Transportation,Monthly Pass (Regular Price),82.00,€,60.00,86.00
590,Leipzig,Transportation,Taxi Start (Normal Tariff),3.50,€,3.50,5.00
591,Leipzig,Transportation,Taxi 1km (Normal Tariff),2.50,€,2.00,2.50
592,Leipzig,Transportation,Taxi 1hour Waiting (Normal Tariff),24.00,€,24.00,24.00
593,Leipzig,Transportation,Gasoline (1 liter),1.98,€,1.74,2.20
594,Leipzig,Transportation,Volkswagen Golf 1.4 90 KW Trendline (Or Equivalent New Car),"24,000.00",€,"23,000.00","25,000.00"
595,Leipzig,Transportation,Toyota Corolla Sedan 1.6l 97kW Comfort (Or Equivalent New Car),"21,666.67",€,"20,000.00","27,000.00"
597,Leipzig,Utilities (Monthly),"Basic (Electricity, Heating, Cooling, Water, Garbage) for 85m2 Apartment",237.46,€,170.00,324.55
598,Leipzig,Utilities (Monthly),1 min. of Prepaid Mobile Tariff Local (No Discounts or Plans),0.13,€,0.09,0.25
599,Leipzig,Utilities (Monthly),"Internet (60 Mbps or More, Unlimited Data, Cable/ADSL)",36.33,€,30.00,44.00
601,Leipzig,Internet (60 Mbps,"Fitness Club, Monthly Fee for 1 Adult",27.00,€,20.00,35.00
602,Leipzig,Internet (60 Mbps,Tennis Court Rent (1 Hour on Weekend),27.50,€,25.00,30.00
603,Leipzig,Internet (60 Mbps,"Cinema, International Release, 1 Seat",10.00,€,9.00,12.00
605,Leipzig,Childcare,"Preschool (or Kindergarten), Full Day, Private, Monthly for 1 Child",196.50,€,120.00,450.00
606,Leipzig,Childcare,"International Primary School, Yearly for 1 Child","8,000.00",€,"6,000.00","9,000.00"
608,Leipzig,Clothing And Shoes,1 Pair of Jeans (Levis 501 Or Similar),63.12,€,30.00,90.00
609,Leipzig,Clothing And Shoes,"1 Summer Dress in a Chain Store (Zara, H&M, ...)",42.14,€,20.00,70.00
610,Leipzig,Clothing And Shoes,1 Pair of Nike Running Shoes (Mid-Range),77.12,€,50.00,120.00
611,Leipzig,Clothing And Shoes,1 Pair of Men Leather Business Shoes,91.56,€,40.00,140.00
613,Leipzig,Rent Per Month,Apartment (1 bedroom) in City Centre,576.50,€,480.00,800.00
614,Leipzig,Rent Per Month,Apartment (1 bedroom) Outside of Centre,401.33,€,300.00,560.00
615,Leipzig,Rent Per Month,Apartment (3 bedrooms) in City Centre,"1,337.14",€,"1,000.00","1,700.00"
616,Leipzig,Rent Per Month,Apartment (3 bedrooms) Outside of Centre,871.11,€,650.00,"1,200.00"
618,Leipzig,Apartment (3 bedrooms),Price per Square Meter to Buy Apartment in City Centre,"5,500.00",€,"5,000.00","6,000.00"
619,Leipzig,Apartment (3 bedrooms),Price per Square Meter to Buy Apartment Outside of Centre,"2,925.00",€,"2,400.00","3,800.00"
621,Berlin,Restaurants,"Meal, Inexpensive Restaurant",12.00,€,8.00,20.00
622,Berlin,Restaurants,"Meal for 2 People, Mid-range Restaurant, Three-course",60.00,€,40.00,100.00
623,Berlin,Restaurants,McMeal at McDonalds (or Equivalent Combo Meal),9.07,€,8.00,10.00
624,Berlin,Restaurants,Domestic Beer (0.5 liter draught),4.00,€,3.00,5.00
625,Berlin,Restaurants,Imported Beer (0.33 liter bottle),4.00,€,3.00,5.00
626,Berlin,Restaurants,Cappuccino (regular),3.28,€,2.20,4.50
627,Berlin,Restaurants,Coke/Pepsi (0.33 liter bottle),2.64,€,1.60,3.50
628,Berlin,Restaurants,Water (0.33 liter bottle),2.22,€,1.50,3.50
630,Berlin,Markets,"Milk (regular), (1 liter)",1.23,€,1.00,1.75
631,Berlin,Markets,Loaf of Fresh White Bread (500g),1.74,€,1.00,4.00
632,Berlin,Markets,"Rice (white), (1kg)",2.33,€,1.20,4.00
633,Berlin,Markets,Eggs (regular) (12),2.88,€,1.80,4.38
634,Berlin,Markets,Local Cheese (1kg),12.48,€,5.00,27.00
635,Berlin,Markets,Chicken Fillets (1kg),9.87,€,5.00,15.00
636,Berlin,Markets,Beef Round (1kg) (or Equivalent Back Leg Red Meat),14.01,€,7.00,25.00
637,Berlin,Markets,Apples (1kg),2.57,€,1.00,4.00
638,Berlin,Markets,Banana (1kg),1.75,€,1.10,2.99
639,Berlin,Markets,Oranges (1kg),2.66,€,1.50,4.00
640,Berlin,Markets,Tomato (1kg),3.22,€,1.29,5.00
641,Berlin,Markets,Potato (1kg),1.87,€,0.75,3.00
642,Berlin,Markets,Onion (1kg),1.67,€,1.00,2.50
643,Berlin,Markets,Lettuce (1 head),1.41,€,0.80,2.00
644,Berlin,Markets,Water (1.5 liter bottle),0.70,€,0.25,1.99
645,Berlin,Markets,Bottle of Wine (Mid-Range),6.00,€,3.79,10.00
646,Berlin,Markets,Domestic Beer (0.5 liter bottle),1.05,€,0.65,2.00
647,Berlin,Markets,Imported Beer (0.33 liter bottle),1.47,€,1.00,3.00
648,Berlin,Markets,Cigarettes 20 Pack (Marlboro),8.00,€,7.60,9.00
650,Berlin,Transportation,One-way Ticket (Local Transport),3.00,€,3.00,3.80
651,Berlin,Transportation,Monthly Pass (Regular Price),84.00,€,64.00,90.00
652,Berlin,Transportation,Taxi Start (Normal Tariff),4.90,€,3.50,6.00
653,Berlin,Transportation,Taxi 1km (Normal Tariff),2.00,€,1.98,2.60
654,Berlin,Transportation,Taxi 1hour Waiting (Normal Tariff),33.00,€,30.00,40.00
655,Berlin,Transportation,Gasoline (1 liter),1.94,€,1.74,2.20
656,Berlin,Transportation,Volkswagen Golf 1.4 90 KW Trendline (Or Equivalent New Car),"29,985.00",€,"26,088.00","32,000.00"
657,Berlin,Transportation,Toyota Corolla Sedan 1.6l 97kW Comfort (Or Equivalent New Car),"27,728.57",€,"26,700.00","29,900.00"
659,Berlin,Utilities (Monthly),"Basic (Electricity, Heating, Cooling, Water, Garbage) for 85m2 Apartment",324.44,€,200.00,450.00
660,Berlin,Utilities (Monthly),1 min. of Prepaid Mobile Tariff Local (No Discounts or Plans),0.10,€,0.05,0.15
661,Berlin,Utilities (Monthly),"Internet (60 Mbps or More, Unlimited Data, Cable/ADSL)",39.00,€,30.00,55.00
663,Berlin,Internet (60 Mbps,"Fitness Club, Monthly Fee for 1 Adult",38.23,€,20.00,80.00
664,Berlin,Internet (60 Mbps,Tennis Court Rent (1 Hour on Weekend),20.56,€,15.00,25.00
665,Berlin,Internet (60 Mbps,"Cinema, International Release, 1 Seat",12.00,€,9.00,15.00
667,Berlin,Childcare,"Preschool (or Kindergarten), Full Day, Private, Monthly for 1 Child",191.33,€,50.00,500.00
668,Berlin,Childcare,"International Primary School, Yearly for 1 Child","7,172.22",€,"4,800.00","13,600.00"
670,Berlin,Clothing And Shoes,1 Pair of Jeans (Levis 501 Or Similar),82.59,€,50.00,120.00
671,Berlin,Clothing And Shoes,"1 Summer Dress in a Chain Store (Zara, H&M, ...)",35.45,€,20.00,50.00
672,Berlin,Clothing And Shoes,1 Pair of Nike Running Shoes (Mid-Range),86.38,€,50.00,120.00
673,Berlin,Clothing And Shoes,1 Pair of Men Leather Business Shoes,107.53,€,70.00,165.00
675,Berlin,Rent Per Month,Apartment (1 bedroom) in City Centre,"1,243.73",€,850.00,"2,000.00"
676,Berlin,Rent Per Month,Apartment (1 bedroom) Outside of Centre,916.09,€,650.00,"1,400.00"
677,Berlin,Rent Per Month,Apartment (3 bedrooms) in City Centre,"2,368.37",€,"1,600.00","3,600.00"
678,Berlin,Rent Per Month,Apartment (3 bedrooms) Outside of Centre,"1,637.04",€,"1,200.00","2,500.00"
680,Berlin,Apartment (3 bedrooms),Price per Square Meter to Buy Apartment in City Centre,"8,026.57",€,"6,500.00","10,763.91"
681,Berlin,Apartment (3 bedrooms),Price per Square Meter to Buy Apartment Outside of Centre,"5,608.70",€,"4,000.00","8,000.00"
683,Hanover,Restaurants,"Meal, Inexpensive Restaurant",12.00,€,7.33,20.00
684,Hanover,Restaurants,"Meal for 2 People, Mid-range Restaurant, Three-course",57.50,€,50.00,70.00
685,Hanover,Restaurants,McMeal at McDonalds (or Equivalent Combo Meal),8.50,€,8.00,10.00
686,Hanover,Restaurants,Domestic Beer (0.5 liter draught),4.50,€,4.00,5.50
687,Hanover,Restaurants,Imported Beer (0.33 liter bottle),4.00,€,2.80,5.00
688,Hanover,Restaurants,Cappuccino (regular),3.16,€,2.00,5.00
689,Hanover,Restaurants,Coke/Pepsi (0.33 liter bottle),2.51,€,1.50,3.50
690,Hanover,Restaurants,Water (0.33 liter bottle),2.62,€,2.00,3.00
692,Hanover,Markets,"Milk (regular), (1 liter)",1.05,€,0.79,1.30
693,Hanover,Markets,Loaf of Fresh White Bread (500g),2.19,€,1.00,4.00
694,Hanover,Markets,"Rice (white), (1kg)",2.27,€,1.00,4.00
695,Hanover,Markets,Eggs (regular) (12),2.96,€,1.80,4.31
696,Hanover,Markets,Local Cheese (1kg),11.06,€,5.50,20.00
697,Hanover,Markets,Chicken Fillets (1kg),9.06,€,6.90,10.00
698,Hanover,Markets,Beef Round (1kg) (or Equivalent Back Leg Red Meat),15.14,€,8.40,25.00
699,Hanover,Markets,Apples (1kg),2.72,€,1.00,4.00
700,Hanover,Markets,Banana (1kg),1.69,€,1.59,2.00
701,Hanover,Markets,Oranges (1kg),2.19,€,1.50,4.00
702,Hanover,Markets,Tomato (1kg),1.54,€,0.79,4.00
703,Hanover,Markets,Potato (1kg),1.36,€,0.50,2.00
704,Hanover,Markets,Onion (1kg),1.25,€,0.89,1.98
705,Hanover,Markets,Lettuce (1 head),1.10,€,0.99,1.30
706,Hanover,Markets,Water (1.5 liter bottle),0.50,€,0.19,1.25
707,Hanover,Markets,Bottle of Wine (Mid-Range),6.00,€,4.00,8.00
708,Hanover,Markets,Domestic Beer (0.5 liter bottle),0.88,€,0.54,1.30
709,Hanover,Markets,Imported Beer (0.33 liter bottle),1.68,€,1.00,2.50
710,Hanover,Markets,Cigarettes 20 Pack (Marlboro),8.00,€,7.00,9.00
712,Hanover,Transportation,One-way Ticket (Local Transport),3.15,€,3.00,3.90
713,Hanover,Transportation,Monthly Pass (Regular Price),70.30,€,69.50,83.00
714,Hanover,Transportation,Taxi Start (Normal Tariff),3.20,€,3.00,3.50
715,Hanover,Transportation,Taxi 1km (Normal Tariff),1.98,€,1.95,2.10
716,Hanover,Transportation,Taxi 1hour Waiting (Normal Tariff),30.00,€,30.00,30.00
717,Hanover,Transportation,Gasoline (1 liter),2.02,€,1.74,2.20
718,Hanover,Transportation,Volkswagen Golf 1.4 90 KW Trendline (Or Equivalent New Car),"25,000.00",€,"22,000.00","26,000.00"
719,Hanover,Transportation,Toyota Corolla Sedan 1.6l 97kW Comfort (Or Equivalent New Car),"21,725.00",€,"21,000.00","25,000.00"
721,Hanover,Utilities (Monthly),"Basic (Electricity, Heating, Cooling, Water, Garbage) for 85m2 Apartment",271.56,€,160.00,380.00
722,Hanover,Utilities (Monthly),1 min. of Prepaid Mobile Tariff Local (No Discounts or Plans),0.12,€,0.09,0.25
723,Hanover,Utilities (Monthly),"Internet (60 Mbps or More, Unlimited Data, Cable/ADSL)",29.86,€,20.00,49.90
725,Hanover,Internet (60 Mbps,"Fitness Club, Monthly Fee for 1 Adult",37.12,€,19.90,60.00
726,Hanover,Internet (60 Mbps,Tennis Court Rent (1 Hour on Weekend),18.83,€,10.00,25.00
727,Hanover,Internet (60 Mbps,"Cinema, International Release, 1 Seat",12.00,€,10.00,15.00
729,Hanover,Childcare,"Preschool (or Kindergarten), Full Day, Private, Monthly for 1 Child",470.00,€,350.00,600.00
730,Hanover,Childcare,"International Primary School, Yearly for 1 Child","13,750.00",€,"11,000.00","17,000.00"
732,Hanover,Clothing And Shoes,1 Pair of Jeans (Levis 501 Or Similar),73.61,€,35.00,109.00
733,Hanover,Clothing And Shoes,"1 Summer Dress in a Chain Store (Zara, H&M, ...)",39.14,€,20.00,60.00
734,Hanover,Clothing And Shoes,1 Pair of Nike Running Shoes (Mid-Range),92.25,€,50.00,120.00
735,Hanover,Clothing And Shoes,1 Pair of Men Leather Business Shoes,123.50,€,90.00,149.99
737,Hanover,Rent Per Month,Apartment (1 bedroom) in City Centre,700.00,€,600.00,850.00
738,Hanover,Rent Per Month,Apartment (1 bedroom) Outside of Centre,544.44,€,400.00,920.00
739,Hanover,Rent Per Month,Apartment (3 bedrooms) in City Centre,"1,395.56",€,"1,200.00","2,000.00"
740,Hanover,Rent Per Month,Apartment (3 bedrooms) Outside of Centre,987.50,€,800.00,"1,550.00"
742,Hanover,Apartment (3 bedrooms),Price per Square Meter to Buy Apartment in City Centre,"5,000.00",€,,
743,Hanover,Apartment (3 bedrooms),Price per Square Meter to Buy Apartment Outside of Centre,"3,700.00",€,,
745,Bremen,Restaurants,"Meal, Inexpensive Restaurant",12.00,€,6.00,20.00
746,Bremen,Restaurants,"Meal for 2 People, Mid-range Restaurant, Three-course",50.00,€,45.00,70.00
747,Bremen,Restaurants,McMeal at McDonalds (or Equivalent Combo Meal),9.75,€,8.00,10.00
748,Bremen,Restaurants,Domestic Beer (0.5 liter draught),4.50,€,2.00,5.50
749,Bremen,Restaurants,Imported Beer (0.33 liter bottle),3.00,€,2.00,5.00
750,Bremen,Restaurants,Cappuccino (regular),3.19,€,2.50,4.00
751,Bremen,Restaurants,Coke/Pepsi (0.33 liter bottle),2.13,€,0.99,3.50
752,Bremen,Restaurants,Water (0.33 liter bottle),2.21,€,2.00,2.50
754,Bremen,Markets,"Milk (regular), (1 liter)",1.10,€,0.85,1.68
755,Bremen,Markets,Loaf of Fresh White Bread (500g),1.64,€,0.89,2.50
756,Bremen,Markets,"Rice (white), (1kg)",2.04,€,0.99,3.00
757,Bremen,Markets,Eggs (regular) (12),2.90,€,1.55,3.95
758,Bremen,Markets,Local Cheese (1kg),14.30,€,3.50,21.90
759,Bremen,Markets,Chicken Fillets (1kg),7.05,€,6.00,9.00
760,Bremen,Markets,Beef Round (1kg) (or Equivalent Back Leg Red Meat),19.33,€,15.00,24.00
761,Bremen,Markets,Apples (1kg),2.99,€,1.20,3.49
762,Bremen,Markets,Banana (1kg),1.59,€,1.59,1.99
763,Bremen,Markets,Oranges (1kg),1.96,€,1.35,2.29
764,Bremen,Markets,Tomato (1kg),0.97,€,0.79,2.89
765,Bremen,Markets,Potato (1kg),2.13,€,0.79,3.59
766,Bremen,Markets,Onion (1kg),0.97,€,0.89,1.30
767,Bremen,Markets,Lettuce (1 head),1.40,€,0.50,2.20
768,Bremen,Markets,Water (1.5 liter bottle),0.46,€,0.30,0.59
769,Bremen,Markets,Bottle of Wine (Mid-Range),4.99,€,2.99,10.00
770,Bremen,Markets,Domestic Beer (0.5 liter bottle),0.60,€,0.53,0.89
771,Bremen,Markets,Imported Beer (0.33 liter bottle),1.62,€,1.50,2.00
772,Bremen,Markets,Cigarettes 20 Pack (Marlboro),7.10,€,7.00,8.00
774,Bremen,Transportation,One-way Ticket (Local Transport),2.85,€,2.60,2.85
775,Bremen,Transportation,Monthly Pass (Regular Price),66.40,€,60.00,69.00
776,Bremen,Transportation,Taxi Start (Normal Tariff),3.50,€,3.00,5.00
777,Bremen,Transportation,Taxi 1km (Normal Tariff),2.30,€,2.15,2.30
778,Bremen,Transportation,Taxi 1hour Waiting (Normal Tariff),30.00,€,28.20,30.00
779,Bremen,Transportation,Gasoline (1 liter),2.05,€,1.74,2.20
780,Bremen,Transportation,Volkswagen Golf 1.4 90 KW Trendline (Or Equivalent New Car),"24,000.00",€,"22,000.00","25,000.00"
781,Bremen,Transportation,Toyota Corolla Sedan 1.6l 97kW Comfort (Or Equivalent New Car),"21,000.00",€,,
783,Bremen,Utilities (Monthly),"Basic (Electricity, Heating, Cooling, Water, Garbage) for 85m2 Apartment",236.79,€,170.00,340.00
784,Bremen,Utilities (Monthly),1 min. of Prepaid Mobile Tariff Local (No Discounts or Plans),0.09,€,0.09,0.10
785,Bremen,Utilities (Monthly),"Internet (60 Mbps or More, Unlimited Data, Cable/ADSL)",36.66,€,30.00,40.00
787,Bremen,Internet (60 Mbps,"Fitness Club, Monthly Fee for 1 Adult",27.75,€,10.00,45.00
788,Bremen,Internet (60 Mbps,Tennis Court Rent (1 Hour on Weekend),12.50,€,10.00,15.00
789,Bremen,Internet (60 Mbps,"Cinema, International Release, 1 Seat",12.00,€,8.00,15.00
791,Bremen,Childcare,"Preschool (or Kindergarten), Full Day, Private, Monthly for 1 Child",483.08,€,360.00,600.00
792,Bremen,Childcare,"International Primary School, Yearly for 1 Child","19,666.67",€,"10,000.00","39,000.00"
794,Bremen,Clothing And Shoes,1 Pair of Jeans (Levis 501 Or Similar),85.40,€,30.00,119.00
795,Bremen,Clothing And Shoes,"1 Summer Dress in a Chain Store (Zara, H&M, ...)",34.33,€,20.00,39.00
796,Bremen,Clothing And Shoes,1 Pair of Nike Running Shoes (Mid-Range),86.00,€,60.00,109.00
797,Bremen,Clothing And Shoes,1 Pair of Men Leather Business Shoes,99.50,€,50.00,150.00
799,Bremen,Rent Per Month,Apartment (1 bedroom) in City Centre,657.14,€,500.00,850.00
800,Bremen,Rent Per Month,Apartment (1 bedroom) Outside of Centre,478.57,€,340.00,600.00
801,Bremen,Rent Per Month,Apartment (3 bedrooms) in City Centre,"1,237.50",€,"1,100.00","1,500.00"
802,Bremen,Rent Per Month,Apartment (3 bedrooms) Outside of Centre,865.83,€,795.00,950.00
804,Bremen,Apartment (3 bedrooms),Price per Square Meter to Buy Apartment in City Centre,"4,000.00",€,"3,000.00","4,500.00"
805,Bremen,Apartment (3 bedrooms),Price per Square Meter to Buy Apartment Outside of Centre,"2,950.00",€,"2,500.00","3,500.00"
807,Hamburg,Restaurants,"Meal, Inexpensive Restaurant",14.00,€,8.50,25.00
808,Hamburg,Restaurants,"Meal for 2 People, Mid-range Restaurant, Three-course",60.00,€,48.00,80.00
809,Hamburg,Restaurants,McMeal at McDonalds (or Equivalent Combo Meal),9.00,€,8.00,10.00
810,Hamburg,Restaurants,Domestic Beer (0.5 liter draught),4.10,€,3.00,5.50
811,Hamburg,Restaurants,Imported Beer (0.33 liter bottle),3.95,€,2.80,5.00
812,Hamburg,Restaurants,Cappuccino (regular),3.47,€,1.65,4.50
813,Hamburg,Restaurants,Coke/Pepsi (0.33 liter bottle),2.74,€,2.00,3.50
814,Hamburg,Restaurants,Water (0.33 liter bottle),2.28,€,1.50,3.10
816,Hamburg,Markets,"Milk (regular), (1 liter)",1.22,€,0.85,1.80
817,Hamburg,Markets,Loaf of Fresh White Bread (500g),2.15,€,1.00,5.00
818,Hamburg,Markets,"Rice (white), (1kg)",2.44,€,1.19,4.99
819,Hamburg,Markets,Eggs (regular) (12),3.38,€,1.82,6.00
820,Hamburg,Markets,Local Cheese (1kg),12.05,€,5.00,35.00
821,Hamburg,Markets,Chicken Fillets (1kg),9.65,€,4.00,14.90
822,Hamburg,Markets,Beef Round (1kg) (or Equivalent Back Leg Red Meat),13.71,€,7.99,25.00
823,Hamburg,Markets,Apples (1kg),2.74,€,1.00,4.00
824,Hamburg,Markets,Banana (1kg),1.77,€,1.50,3.00
825,Hamburg,Markets,Oranges (1kg),2.07,€,1.00,5.00
826,Hamburg,Markets,Tomato (1kg),2.33,€,0.79,5.00
827,Hamburg,Markets,Potato (1kg),1.41,€,0.80,2.89
828,Hamburg,Markets,Onion (1kg),1.14,€,0.89,2.00
829,Hamburg,Markets,Lettuce (1 head),1.25,€,0.99,2.00
830,Hamburg,Markets,Water (1.5 liter bottle),0.67,€,0.25,1.50
831,Hamburg,Markets,Bottle of Wine (Mid-Range),7.00,€,4.00,10.00
832,Hamburg,Markets,Domestic Beer (0.5 liter bottle),0.95,€,0.54,1.29
833,Hamburg,Markets,Imported Beer (0.33 liter bottle),1.28,€,0.89,2.00
834,Hamburg,Markets,Cigarettes 20 Pack (Marlboro),8.00,€,7.20,8.00
836,Hamburg,Transportation,One-way Ticket (Local Transport),3.27,€,2.80,4.00
837,Hamburg,Transportation,Monthly Pass (Regular Price),96.00,€,70.00,120.00
838,Hamburg,Transportation,Taxi Start (Normal Tariff),4.20,€,3.80,5.90
839,Hamburg,Transportation,Taxi 1km (Normal Tariff),2.33,€,1.75,2.60
840,Hamburg,Transportation,Taxi 1hour Waiting (Normal Tariff),33.90,€,30.00,36.00
841,Hamburg,Transportation,Gasoline (1 liter),1.93,€,1.70,2.20
842,Hamburg,Transportation,Volkswagen Golf 1.4 90 KW Trendline (Or Equivalent New Car),"29,000.00",€,"26,460.00","30,000.00"
843,Hamburg,Transportation,Toyota Corolla Sedan 1.6l 97kW Comfort (Or Equivalent New Car),"34,917.50",€,"30,000.00","40,000.00"
845,Hamburg,Utilities (Monthly),"Basic (Electricity, Heating, Cooling, Water, Garbage) for 85m2 Apartment",267.06,€,147.00,495.83
846,Hamburg,Utilities (Monthly),1 min. of Prepaid Mobile Tariff Local (No Discounts or Plans),0.09,€,0.05,0.19
847,Hamburg,Utilities (Monthly),"Internet (60 Mbps or More, Unlimited Data, Cable/ADSL)",34.26,€,25.00,50.00
849,Hamburg,Internet (60 Mbps,"Fitness Club, Monthly Fee for 1 Adult",50.57,€,29.00,70.00
850,Hamburg,Internet (60 Mbps,Tennis Court Rent (1 Hour on Weekend),23.94,€,10.00,39.00
851,Hamburg,Internet (60 Mbps,"Cinema, International Release, 1 Seat",15.00,€,12.00,20.00
853,Hamburg,Childcare,"Preschool (or Kindergarten), Full Day, Private, Monthly for 1 Child",448.57,€,200.00,"1,000.00"
854,Hamburg,Childcare,"International Primary School, Yearly for 1 Child","18,425.00",€,"14,400.00","49,000.00"
856,Hamburg,Clothing And Shoes,1 Pair of Jeans (Levis 501 Or Similar),84.05,€,50.00,105.00
857,Hamburg,Clothing And Shoes,"1 Summer Dress in a Chain Store (Zara, H&M, ...)",40.67,€,21.00,50.00
858,Hamburg,Clothing And Shoes,1 Pair of Nike Running Shoes (Mid-Range),93.40,€,70.00,130.00
859,Hamburg,Clothing And Shoes,1 Pair of Men Leather Business Shoes,128.71,€,70.00,180.00
861,Hamburg,Rent Per Month,Apartment (1 bedroom) in City Centre,"1,002.06",€,750.00,"1,500.00"
862,Hamburg,Rent Per Month,Apartment (1 bedroom) Outside of Centre,765.00,€,600.00,"1,000.00"
863,Hamburg,Rent Per Month,Apartment (3 bedrooms) in City Centre,"1,886.40",€,"1,250.00","2,800.00"
864,Hamburg,Rent Per Month,Apartment (3 bedrooms) Outside of Centre,"1,374.77",€,"1,000.00","2,100.00"
866,Hamburg,Apartment (3 bedrooms),Price per Square Meter to Buy Apartment in City Centre,"8,180.77",€,"7,000.00","10,000.00"
867,Hamburg,Apartment (3 bedrooms),Price per Square Meter to Buy Apartment Outside of Centre,"5,199.17",€,"4,050.00","7,500.00"
869,Aachen,Restaurants,"Meal, Inexpensive Restaurant",10.00,€,8.00,15.00
870,Aachen,Restaurants,"Meal for 2 People, Mid-range Restaurant, Three-course",50.00,€,45.00,70.00
871,Aachen,Restaurants,McMeal at McDonalds (or Equivalent Combo Meal),9.00,€,8.00,10.00
872,Aachen,Restaurants,Domestic Beer (0.5 liter draught),3.50,€,3.00,4.50
873,Aachen,Restaurants,Imported Beer (0.33 liter bottle),4.00,€,3.00,4.00
874,Aachen,Restaurants,Cappuccino (regular),2.92,€,2.27,3.50
875,Aachen,Restaurants,Coke/Pepsi (0.33 liter bottle),2.14,€,1.42,3.00
876,Aachen,Restaurants,Water (0.33 liter bottle),2.23,€,1.80,3.00
878,Aachen,Markets,"Milk (regular), (1 liter)",1.03,€,0.80,1.20
879,Aachen,Markets,Loaf of Fresh White Bread (500g),1.41,€,0.81,3.00
880,Aachen,Markets,"Rice (white), (1kg)",2.28,€,1.25,4.00
881,Aachen,Markets,Eggs (regular) (12),2.75,€,1.43,4.14
882,Aachen,Markets,Local Cheese (1kg),10.35,€,6.60,12.40
883,Aachen,Markets,Chicken Fillets (1kg),10.19,€,4.00,12.50
884,Aachen,Markets,Beef Round (1kg) (or Equivalent Back Leg Red Meat),15.85,€,10.00,18.80
885,Aachen,Markets,Apples (1kg),2.53,€,1.00,4.00
886,Aachen,Markets,Banana (1kg),1.58,€,1.09,1.80
887,Aachen,Markets,Oranges (1kg),1.85,€,1.00,2.99
888,Aachen,Markets,Tomato (1kg),1.22,€,0.79,3.00
889,Aachen,Markets,Potato (1kg),1.34,€,0.40,3.00
890,Aachen,Markets,Onion (1kg),1.27,€,0.89,2.50
891,Aachen,Markets,Lettuce (1 head),1.16,€,0.70,1.50
892,Aachen,Markets,Water (1.5 liter bottle),0.58,€,0.30,1.00
893,Aachen,Markets,Bottle of Wine (Mid-Range),5.99,€,4.00,12.40
894,Aachen,Markets,Domestic Beer (0.5 liter bottle),0.78,€,0.54,1.08
895,Aachen,Markets,Imported Beer (0.33 liter bottle),1.28,€,1.00,2.00
896,Aachen,Markets,Cigarettes 20 Pack (Marlboro),7.60,€,7.00,9.00
898,Aachen,Transportation,One-way Ticket (Local Transport),2.95,€,2.80,3.40
899,Aachen,Transportation,Monthly Pass (Regular Price),71.25,€,55.00,90.00
900,Aachen,Transportation,Taxi Start (Normal Tariff),3.80,€,3.50,5.00
901,Aachen,Transportation,Taxi 1km (Normal Tariff),1.95,€,1.80,2.20
902,Aachen,Transportation,Taxi 1hour Waiting (Normal Tariff),30.00,€,15.00,33.40
903,Aachen,Transportation,Gasoline (1 liter),2.03,€,1.74,2.20
904,Aachen,Transportation,Volkswagen Golf 1.4 90 KW Trendline (Or Equivalent New Car),"18,000.00",€,"17,000.00","31,145.00"
905,Aachen,Transportation,Toyota Corolla Sedan 1.6l 97kW Comfort (Or Equivalent New Car),"22,333.33",€,"22,000.00","25,000.00"
907,Aachen,Utilities (Monthly),"Basic (Electricity, Heating, Cooling, Water, Garbage) for 85m2 Apartment",268.16,€,140.00,380.00
908,Aachen,Utilities (Monthly),1 min. of Prepaid Mobile Tariff Local (No Discounts or Plans),0.11,€,0.09,0.18
909,Aachen,Utilities (Monthly),"Internet (60 Mbps or More, Unlimited Data, Cable/ADSL)",30.38,€,20.00,40.00
911,Aachen,Internet (60 Mbps,"Fitness Club, Monthly Fee for 1 Adult",26.33,€,15.00,45.00
912,Aachen,Internet (60 Mbps,Tennis Court Rent (1 Hour on Weekend),15.50,€,10.00,22.00
913,Aachen,Internet (60 Mbps,"Cinema, International Release, 1 Seat",10.00,€,9.00,10.00
915,Aachen,Childcare,"Preschool (or Kindergarten), Full Day, Private, Monthly for 1 Child",581.25,€,400.00,"1,075.00"
916,Aachen,Childcare,"International Primary School, Yearly for 1 Child","12,000.00",€,"10,000.00","14,000.00"
918,Aachen,Clothing And Shoes,1 Pair of Jeans (Levis 501 Or Similar),83.86,€,59.99,105.00
919,Aachen,Clothing And Shoes,"1 Summer Dress in a Chain Store (Zara, H&M, ...)",41.25,€,30.00,50.00
920,Aachen,Clothing And Shoes,1 Pair of Nike Running Shoes (Mid-Range),77.13,€,40.00,90.00
921,Aachen,Clothing And Shoes,1 Pair of Men Leather Business Shoes,98.75,€,45.00,180.00
923,Aachen,Rent Per Month,Apartment (1 bedroom) in City Centre,594.12,€,450.00,850.00
924,Aachen,Rent Per Month,Apartment (1 bedroom) Outside of Centre,462.30,€,350.00,630.00
925,Aachen,Rent Per Month,Apartment (3 bedrooms) in City Centre,"1,206.25",€,"1,000.00","1,500.00"
926,Aachen,Rent Per Month,Apartment (3 bedrooms) Outside of Centre,994.38,€,850.00,"1,200.00"
928,Aachen,Apartment (3 bedrooms),Price per Square Meter to Buy Apartment in City Centre,"7,316.67",€,"6,700.00","8,450.00"
929,Aachen,Apartment (3 bedrooms),Price per Square Meter to Buy Apartment Outside of Centre,"4,216.67",€,"3,500.00","4,950.00"
931,Bonn,Restaurants,"Meal, Inexpensive Restaurant",15.00,€,7.00,20.00
932,Bonn,Restaurants,"Meal for 2 People, Mid-range Restaurant, Three-course",70.00,€,40.00,100.00
933,Bonn,Restaurants,McMeal at McDonalds (or Equivalent Combo Meal),8.50,€,8.00,10.00
934,Bonn,Restaurants,Domestic Beer (0.5 liter draught),4.00,€,2.00,5.00
935,Bonn,Restaurants,Imported Beer (0.33 liter bottle),4.00,€,2.00,6.50
936,Bonn,Restaurants,Cappuccino (regular),3.06,€,1.50,5.20
937,Bonn,Restaurants,Coke/Pepsi (0.33 liter bottle),2.18,€,1.00,3.00
938,Bonn,Restaurants,Water (0.33 liter bottle),1.77,€,1.00,2.80
940,Bonn,Markets,"Milk (regular), (1 liter)",1.06,€,0.72,1.20
941,Bonn,Markets,Loaf of Fresh White Bread (500g),1.10,€,0.75,2.00
942,Bonn,Markets,"Rice (white), (1kg)",1.91,€,0.99,2.50
943,Bonn,Markets,Eggs (regular) (12),2.53,€,1.55,3.60
944,Bonn,Markets,Local Cheese (1kg),9.55,€,7.00,12.40
945,Bonn,Markets,Chicken Fillets (1kg),7.76,€,5.60,10.00
946,Bonn,Markets,Beef Round (1kg) (or Equivalent Back Leg Red Meat),18.66,€,11.99,24.00
947,Bonn,Markets,Apples (1kg),2.18,€,1.09,3.00
948,Bonn,Markets,Banana (1kg),1.55,€,1.00,1.70
949,Bonn,Markets,Oranges (1kg),1.86,€,1.00,3.00
950,Bonn,Markets,Tomato (1kg),0.95,€,0.79,2.99
951,Bonn,Markets,Potato (1kg),1.00,€,0.65,1.50
952,Bonn,Markets,Onion (1kg),0.88,€,0.40,0.89
953,Bonn,Markets,Lettuce (1 head),1.28,€,0.55,4.00
954,Bonn,Markets,Water (1.5 liter bottle),0.36,€,0.20,0.49
955,Bonn,Markets,Bottle of Wine (Mid-Range),5.00,€,3.00,8.50
956,Bonn,Markets,Domestic Beer (0.5 liter bottle),0.53,€,0.53,0.79
957,Bonn,Markets,Imported Beer (0.33 liter bottle),1.40,€,1.00,2.50
958,Bonn,Markets,Cigarettes 20 Pack (Marlboro),7.20,€,7.00,8.99
960,Bonn,Transportation,One-way Ticket (Local Transport),3.00,€,2.80,3.20
961,Bonn,Transportation,Monthly Pass (Regular Price),110.00,€,83.70,250.00
962,Bonn,Transportation,Taxi Start (Normal Tariff),3.50,€,3.00,4.50
963,Bonn,Transportation,Taxi 1km (Normal Tariff),1.90,€,1.68,1.90
964,Bonn,Transportation,Taxi 1hour Waiting (Normal Tariff),37.20,€,28.20,37.20
965,Bonn,Transportation,Gasoline (1 liter),2.04,€,1.74,2.20
966,Bonn,Transportation,Volkswagen Golf 1.4 90 KW Trendline (Or Equivalent New Car),"24,505.00",€,"24,000.00","25,000.00"
967,Bonn,Transportation,Toyota Corolla Sedan 1.6l 97kW Comfort (Or Equivalent New Car),"24,322.50",€,"20,000.00","25,000.00"
969,Bonn,Utilities (Monthly),"Basic (Electricity, Heating, Cooling, Water, Garbage) for 85m2 Apartment",298.01,€,221.74,350.00
970,Bonn,Utilities (Monthly),1 min. of Prepaid Mobile Tariff Local (No Discounts or Plans),0.09,€,0.09,0.10
971,Bonn,Utilities (Monthly),"Internet (60 Mbps or More, Unlimited Data, Cable/ADSL)",34.22,€,25.00,55.00
973,Bonn,Internet (60 Mbps,"Fitness Club, Monthly Fee for 1 Adult",36.00,€,20.00,60.00
974,Bonn,Internet (60 Mbps,Tennis Court Rent (1 Hour on Weekend),20.20,€,8.00,28.00
975,Bonn,Internet (60 Mbps,"Cinema, International Release, 1 Seat",10.00,€,8.90,12.00
977,Bonn,Childcare,"Preschool (or Kindergarten), Full Day, Private, Monthly for 1 Child",485.00,€,250.00,"1,000.00"
978,Bonn,Childcare,"International Primary School, Yearly for 1 Child","16,000.00",€,"12,000.00","20,000.00"
980,Bonn,Clothing And Shoes,1 Pair of Jeans (Levis 501 Or Similar),74.87,€,35.00,90.00
981,Bonn,Clothing And Shoes,"1 Summer Dress in a Chain Store (Zara, H&M, ...)",33.33,€,24.99,60.00
982,Bonn,Clothing And Shoes,1 Pair of Nike Running Shoes (Mid-Range),88.00,€,45.50,129.00
983,Bonn,Clothing And Shoes,1 Pair of Men Leather Business Shoes,93.00,€,60.00,129.00
985,Bonn,Rent Per Month,Apartment (1 bedroom) in City Centre,625.00,€,600.00,700.00
986,Bonn,Rent Per Month,Apartment (1 bedroom) Outside of Centre,586.67,€,400.00,850.00
987,Bonn,Rent Per Month,Apartment (3 bedrooms) in City Centre,"1,875.00",€,"1,200.00","2,500.00"
988,Bonn,Rent Per Month,Apartment (3 bedrooms) Outside of Centre,"1,497.50",€,"1,000.00","2,000.00"
990,Bonn,Apartment (3 bedrooms),Price per Square Meter to Buy Apartment in City Centre,"5,500.00",€,"4,500.00","6,000.00"
991,Bonn,Apartment (3 bedrooms),Price per Square Meter to Buy Apartment Outside of Centre,"3,666.67",€,"2,500.00","5,000.00"
993,Cologne,Restaurants,"Meal, Inexpensive Restaurant",13.00,€,10.00,20.00
994,Cologne,Restaurants,"Meal for 2 People, Mid-range Restaurant, Three-course",55.00,€,35.00,100.00
995,Cologne,Restaurants,McMeal at McDonalds (or Equivalent Combo Meal),9.00,€,8.00,10.00
996,Cologne,Restaurants,Domestic Beer (0.5 liter draught),3.50,€,2.50,5.00
997,Cologne,Restaurants,Imported Beer (0.33 liter bottle),2.80,€,2.00,4.00
998,Cologne,Restaurants,Cappuccino (regular),2.89,€,1.50,4.00
999,Cologne,Restaurants,Coke/Pepsi (0.33 liter bottle),2.36,€,2.00,3.00
1000,Cologne,Restaurants,Water (0.33 liter bottle),1.97,€,1.50,2.70
1002,Cologne,Markets,"Milk (regular), (1 liter)",1.13,€,0.76,1.59
1003,Cologne,Markets,Loaf of Fresh White Bread (500g),1.84,€,0.99,3.00
1004,Cologne,Markets,"Rice (white), (1kg)",1.94,€,1.00,4.00
1005,Cologne,Markets,Eggs (regular) (12),2.70,€,1.62,3.60
1006,Cologne,Markets,Local Cheese (1kg),11.21,€,5.00,20.00
1007,Cologne,Markets,Chicken Fillets (1kg),10.51,€,4.80,15.00
1008,Cologne,Markets,Beef Round (1kg) (or Equivalent Back Leg Red Meat),15.56,€,8.00,28.00
1009,Cologne,Markets,Apples (1kg),2.31,€,1.00,3.79
1010,Cologne,Markets,Banana (1kg),1.56,€,1.00,3.00
1011,Cologne,Markets,Oranges (1kg),2.08,€,1.00,4.00
1012,Cologne,Markets,Tomato (1kg),1.47,€,0.79,3.20
1013,Cologne,Markets,Potato (1kg),1.69,€,0.69,3.00
1014,Cologne,Markets,Onion (1kg),1.36,€,0.89,2.65
1015,Cologne,Markets,Lettuce (1 head),1.46,€,0.90,2.00
1016,Cologne,Markets,Water (1.5 liter bottle),0.57,€,0.19,1.00
1017,Cologne,Markets,Bottle of Wine (Mid-Range),5.25,€,3.00,15.00
1018,Cologne,Markets,Domestic Beer (0.5 liter bottle),0.74,€,0.50,1.20
1019,Cologne,Markets,Imported Beer (0.33 liter bottle),1.98,€,1.00,3.00
1020,Cologne,Markets,Cigarettes 20 Pack (Marlboro),8.00,€,7.50,10.00
1022,Cologne,Transportation,One-way Ticket (Local Transport),3.00,€,2.37,3.10
1023,Cologne,Transportation,Monthly Pass (Regular Price),100.00,€,75.00,110.00
1024,Cologne,Transportation,Taxi Start (Normal Tariff),3.75,€,2.99,5.00
1025,Cologne,Transportation,Taxi 1km (Normal Tariff),2.05,€,1.80,2.50
1026,Cologne,Transportation,Taxi 1hour Waiting (Normal Tariff),30.00,€,25.00,34.80
1027,Cologne,Transportation,Gasoline (1 liter),1.97,€,1.74,2.20
1028,Cologne,Transportation,Volkswagen Golf 1.4 90 KW Trendline (Or Equivalent New Car),"23,597.50",€,"20,000.00","33,000.00"
1029,Cologne,Transportation,Toyota Corolla Sedan 1.6l 97kW Comfort (Or Equivalent New Car),"29,000.00",€,"25,000.00","30,000.00"
1031,Cologne,Utilities (Monthly),"Basic (Electricity, Heating, Cooling, Water, Garbage) for 85m2 Apartment",271.68,€,150.00,425.00
1032,Cologne,Utilities (Monthly),1 min. of Prepaid Mobile Tariff Local (No Discounts or Plans),0.12,€,0.09,0.12
1033,Cologne,Utilities (Monthly),"Internet (60 Mbps or More, Unlimited Data, Cable/ADSL)",34.22,€,25.00,50.00
1035,Cologne,Internet (60 Mbps,"Fitness Club, Monthly Fee for 1 Adult",32.50,€,20.00,60.00
1036,Cologne,Internet (60 Mbps,Tennis Court Rent (1 Hour on Weekend),27.58,€,15.00,40.00
1037,Cologne,Internet (60 Mbps,"Cinema, International Release, 1 Seat",12.00,€,9.00,14.95
1039,Cologne,Childcare,"Preschool (or Kindergarten), Full Day, Private, Monthly for 1 Child",642.67,€,350.00,900.00
1040,Cologne,Childcare,"International Primary School, Yearly for 1 Child","11,600.00",€,"4,800.00","15,000.00"
1042,Cologne,Clothing And Shoes,1 Pair of Jeans (Levis 501 Or Similar),85.55,€,49.00,110.00
1043,Cologne,Clothing And Shoes,"1 Summer Dress in a Chain Store (Zara, H&M, ...)",31.25,€,20.00,50.00
1044,Cologne,Clothing And Shoes,1 Pair of Nike Running Shoes (Mid-Range),79.25,€,50.00,120.00
1045,Cologne,Clothing And Shoes,1 Pair of Men Leather Business Shoes,98.89,€,60.00,150.00
1047,Cologne,Rent Per Month,Apartment (1 bedroom) in City Centre,878.10,€,650.00,"1,100.00"
1048,Cologne,Rent Per Month,Apartment (1 bedroom) Outside of Centre,707.25,€,600.00,850.00
1049,Cologne,Rent Per Month,Apartment (3 bedrooms) in City Centre,"1,787.19",€,"1,295.00","3,000.00"
1050,Cologne,Rent Per Month,Apartment (3 bedrooms) Outside of Centre,"1,265.59",€,900.00,"2,000.00"
1052,Cologne,Apartment (3 bedrooms),Price per Square Meter to Buy Apartment in City Centre,"5,712.50",€,"5,500.00","7,500.00"
1053,Cologne,Apartment (3 bedrooms),Price per Square Meter to Buy Apartment Outside of Centre,"4,425.00",€,"3,500.00","5,000.00"
1055,Dusseldorf,Restaurants,"Meal, Inexpensive Restaurant",15.00,€,10.00,20.00
1056,Dusseldorf,Restaurants,"Meal for 2 People, Mid-range Restaurant, Three-course",60.00,€,45.00,95.00
1057,Dusseldorf,Restaurants,McMeal at McDonalds (or Equivalent Combo Meal),9.00,€,8.40,10.00
1058,Dusseldorf,Restaurants,Domestic Beer (0.5 liter draught),4.50,€,3.00,5.50
1059,Dusseldorf,Restaurants,Imported Beer (0.33 liter bottle),4.00,€,3.00,5.50
1060,Dusseldorf,Restaurants,Cappuccino (regular),3.35,€,2.00,5.00
1061,Dusseldorf,Restaurants,Coke/Pepsi (0.33 liter bottle),2.83,€,2.00,3.50
1062,Dusseldorf,Restaurants,Water (0.33 liter bottle),2.52,€,2.00,3.00
1064,Dusseldorf,Markets,"Milk (regular), (1 liter)",1.28,€,0.75,1.83
1065,Dusseldorf,Markets,Loaf of Fresh White Bread (500g),2.27,€,1.20,3.50
1066,Dusseldorf,Markets,"Rice (white), (1kg)",2.40,€,1.00,4.00
1067,Dusseldorf,Markets,Eggs (regular) (12),2.92,€,1.20,4.20
1068,Dusseldorf,Markets,Local Cheese (1kg),15.79,€,8.00,30.00
1069,Dusseldorf,Markets,Chicken Fillets (1kg),8.61,€,4.00,14.00
1070,Dusseldorf,Markets,Beef Round (1kg) (or Equivalent Back Leg Red Meat),15.50,€,9.00,24.00
1071,Dusseldorf,Markets,Apples (1kg),2.44,€,2.00,3.00
1072,Dusseldorf,Markets,Banana (1kg),1.65,€,1.29,3.00
1073,Dusseldorf,Markets,Oranges (1kg),1.99,€,0.90,3.00
1074,Dusseldorf,Markets,Tomato (1kg),1.56,€,0.79,3.00
1075,Dusseldorf,Markets,Potato (1kg),2.11,€,0.75,3.00
1076,Dusseldorf,Markets,Onion (1kg),1.33,€,0.89,2.00
1077,Dusseldorf,Markets,Lettuce (1 head),1.52,€,0.60,2.00
1078,Dusseldorf,Markets,Water (1.5 liter bottle),0.70,€,0.30,1.50
1079,Dusseldorf,Markets,Bottle of Wine (Mid-Range),6.00,€,4.00,12.00
1080,Dusseldorf,Markets,Domestic Beer (0.5 liter bottle),0.83,€,0.50,1.20
1081,Dusseldorf,Markets,Imported Beer (0.33 liter bottle),1.72,€,0.85,2.40
1082,Dusseldorf,Markets,Cigarettes 20 Pack (Marlboro),8.00,€,7.50,10.00
1084,Dusseldorf,Transportation,One-way Ticket (Local Transport),3.00,€,3.00,3.10
1085,Dusseldorf,Transportation,Monthly Pass (Regular Price),74.00,€,60.00,85.00
1086,Dusseldorf,Transportation,Taxi Start (Normal Tariff),4.90,€,4.50,6.00
1087,Dusseldorf,Transportation,Taxi 1km (Normal Tariff),2.20,€,1.85,3.00
1088,Dusseldorf,Transportation,Taxi 1hour Waiting (Normal Tariff),30.60,€,20.00,50.00
1089,Dusseldorf,Transportation,Gasoline (1 liter),2.02,€,1.74,2.20
1090,Dusseldorf,Transportation,Volkswagen Golf 1.4 90 KW Trendline (Or Equivalent New Car),"25,000.00",€,"20,000.00","28,365.00"
1091,Dusseldorf,Transportation,Toyota Corolla Sedan 1.6l 97kW Comfort (Or Equivalent New Car),"25,056.67",€,"20,000.00","25,170.00"
1093,Dusseldorf,Utilities (Monthly),"Basic (Electricity, Heating, Cooling, Water, Garbage) for 85m2 Apartment",244.42,€,163.46,420.00
1094,Dusseldorf,Utilities (Monthly),1 min. of Prepaid Mobile Tariff Local (No Discounts or Plans),0.14,€,0.10,0.20
1095,Dusseldorf,Utilities (Monthly),"Internet (60 Mbps or More, Unlimited Data, Cable/ADSL)",32.99,€,25.00,50.00
1097,Dusseldorf,Internet (60 Mbps,"Fitness Club, Monthly Fee for 1 Adult",36.08,€,20.00,60.00
1098,Dusseldorf,Internet (60 Mbps,Tennis Court Rent (1 Hour on Weekend),20.50,€,18.00,22.00
1099,Dusseldorf,Internet (60 Mbps,"Cinema, International Release, 1 Seat",12.00,€,10.00,15.00
1101,Dusseldorf,Childcare,"Preschool (or Kindergarten), Full Day, Private, Monthly for 1 Child",466.67,€,200.00,"1,000.00"
1102,Dusseldorf,Childcare,"International Primary School, Yearly for 1 Child","18,983.33",€,"14,400.00","23,000.00"
1104,Dusseldorf,Clothing And Shoes,1 Pair of Jeans (Levis 501 Or Similar),99.09,€,50.00,120.00
1105,Dusseldorf,Clothing And Shoes,"1 Summer Dress in a Chain Store (Zara, H&M, ...)",38.43,€,19.00,60.00
1106,Dusseldorf,Clothing And Shoes,1 Pair of Nike Running Shoes (Mid-Range),78.33,€,40.00,100.00
1107,Dusseldorf,Clothing And Shoes,1 Pair of Men Leather Business Shoes,106.88,€,70.00,160.00
1109,Dusseldorf,Rent Per Month,Apartment (1 bedroom) in City Centre,"1,006.90",€,750.00,"1,500.00"
1110,Dusseldorf,Rent Per Month,Apartment (1 bedroom) Outside of Centre,761.32,€,600.00,"1,250.00"
1111,Dusseldorf,Rent Per Month,Apartment (3 bedrooms) in City Centre,"1,883.00",€,"1,500.00","2,500.00"
1112,Dusseldorf,Rent Per Month,Apartment (3 bedrooms) Outside of Centre,"1,395.88",€,"1,200.00","2,000.00"
1114,Dusseldorf,Apartment (3 bedrooms),Price per Square Meter to Buy Apartment in City Centre,"6,818.75",€,"5,400.00","9,000.00"
1115,Dusseldorf,Apartment (3 bedrooms),Price per Square Meter to Buy Apartment Outside of Centre,"5,734.38",€,"4,975.00","6,700.00"
1117,Essen,Restaurants,"Meal, Inexpensive Restaurant",12.00,€,7.00,15.00
1118,Essen,Restaurants,"Meal for 2 People, Mid-range Restaurant, Three-course",60.00,€,50.00,70.00
1119,Essen,Restaurants,McMeal at McDonalds (or Equivalent Combo Meal),9.25,€,8.00,11.00
1120,Essen,Restaurants,Domestic Beer (0.5 liter draught),3.80,€,2.99,4.00
1121,Essen,Restaurants,Imported Beer (0.33 liter bottle),3.00,€,3.00,3.50
1122,Essen,Restaurants,Cappuccino (regular),2.86,€,2.00,3.00
1123,Essen,Restaurants,Coke/Pepsi (0.33 liter bottle),2.50,€,2.00,3.00
1124,Essen,Restaurants,Water (0.33 liter bottle),1.56,€,1.50,3.00
1126,Essen,Markets,"Milk (regular), (1 liter)",1.02,€,0.80,1.25
1127,Essen,Markets,Loaf of Fresh White Bread (500g),2.17,€,1.00,3.50
1128,Essen,Markets,"Rice (white), (1kg)",1.92,€,1.40,3.00
1129,Essen,Markets,Eggs (regular) (12),2.76,€,1.80,3.84
1130,Essen,Markets,Local Cheese (1kg),13.96,€,9.00,30.00
1131,Essen,Markets,Chicken Fillets (1kg),6.41,€,3.60,10.00
1132,Essen,Markets,Beef Round (1kg) (or Equivalent Back Leg Red Meat),10.88,€,8.00,20.00
1133,Essen,Markets,Apples (1kg),2.66,€,1.25,2.99
1134,Essen,Markets,Banana (1kg),1.67,€,1.59,2.29
1135,Essen,Markets,Oranges (1kg),1.98,€,0.93,2.99
1136,Essen,Markets,Tomato (1kg),0.79,€,0.79,1.10
1137,Essen,Markets,Potato (1kg),2.15,€,1.00,3.00
1138,Essen,Markets,Onion (1kg),1.09,€,0.89,1.50
1139,Essen,Markets,Lettuce (1 head),1.48,€,0.79,2.40
1140,Essen,Markets,Water (1.5 liter bottle),0.58,€,0.20,1.00
1141,Essen,Markets,Bottle of Wine (Mid-Range),3.79,€,3.50,6.99
1142,Essen,Markets,Domestic Beer (0.5 liter bottle),0.55,€,0.53,0.80
1143,Essen,Markets,Imported Beer (0.33 liter bottle),1.90,€,1.10,2.50
1144,Essen,Markets,Cigarettes 20 Pack (Marlboro),7.10,€,6.00,8.00
1146,Essen,Transportation,One-way Ticket (Local Transport),3.00,€,2.90,3.80
1147,Essen,Transportation,Monthly Pass (Regular Price),85.00,€,49.00,94.00
1148,Essen,Transportation,Taxi Start (Normal Tariff),3.50,€,3.00,7.50
1149,Essen,Transportation,Taxi 1km (Normal Tariff),2.00,€,2.00,3.40
1150,Essen,Transportation,Taxi 1hour Waiting (Normal Tariff),31.80,€,31.80,64.70
1151,Essen,Transportation,Gasoline (1 liter),1.96,€,1.70,2.20
1152,Essen,Transportation,Volkswagen Golf 1.4 90 KW Trendline (Or Equivalent New Car),"23,500.00",€,"17,000.00","30,000.00"
1153,Essen,Transportation,Toyota Corolla Sedan 1.6l 97kW Comfort (Or Equivalent New Car),"27,000.00",€,"18,000.00","45,000.00"
1155,Essen,Utilities (Monthly),"Basic (Electricity, Heating, Cooling, Water, Garbage) for 85m2 Apartment",237.51,€,132.22,350.00
1156,Essen,Utilities (Monthly),1 min. of Prepaid Mobile Tariff Local (No Discounts or Plans),0.19,€,0.10,0.33
1157,Essen,Utilities (Monthly),"Internet (60 Mbps or More, Unlimited Data, Cable/ADSL)",36.38,€,29.00,50.00
1159,Essen,Internet (60 Mbps,"Fitness Club, Monthly Fee for 1 Adult",26.11,€,15.00,59.00
1160,Essen,Internet (60 Mbps,Tennis Court Rent (1 Hour on Weekend),43.33,€,30.00,35.00
1161,Essen,Internet (60 Mbps,"Cinema, International Release, 1 Seat",10.00,€,8.00,12.50
1163,Essen,Childcare,"Preschool (or Kindergarten), Full Day, Private, Monthly for 1 Child",290.00,€,220.00,400.00
1164,Essen,Childcare,"International Primary School, Yearly for 1 Child","10,200.00",€,,
1166,Essen,Clothing And Shoes,1 Pair of Jeans (Levis 501 Or Similar),85.67,€,75.00,99.00
1167,Essen,Clothing And Shoes,"1 Summer Dress in a Chain Store (Zara, H&M, ...)",48.00,€,25.00,80.00
1168,Essen,Clothing And Shoes,1 Pair of Nike Running Shoes (Mid-Range),81.00,€,40.00,120.00
1169,Essen,Clothing And Shoes,1 Pair of Men Leather Business Shoes,113.33,€,90.00,150.00
1171,Essen,Rent Per Month,Apartment (1 bedroom) in City Centre,708.33,€,550.00,850.00
1172,Essen,Rent Per Month,Apartment (1 bedroom) Outside of Centre,450.00,€,350.00,500.00
1173,Essen,Rent Per Month,Apartment (3 bedrooms) in City Centre,"1,057.14",€,700.00,"1,200.00"
1174,Essen,Rent Per Month,Apartment (3 bedrooms) Outside of Centre,864.00,€,770.00,"1,400.00"
1176,Essen,Apartment (3 bedrooms),Price per Square Meter to Buy Apartment in City Centre,"2,533.33",€,"2,300.00","3,000.00"
1177,Essen,Apartment (3 bedrooms),Price per Square Meter to Buy Apartment Outside of Centre,"3,100.00",€,"1,700.00","4,500.00"
1179,Dortmund,Restaurants,"Meal, Inexpensive Restaurant",14.50,€,9.00,20.00
1180,Dortmund,Restaurants,"Meal for 2 People, Mid-range Restaurant, Three-course",50.00,€,35.00,70.00
1181,Dortmund,Restaurants,McMeal at McDonalds (or Equivalent Combo Meal),9.00,€,8.00,10.00
1182,Dortmund,Restaurants,Domestic Beer (0.5 liter draught),4.20,€,2.50,5.00
1183,Dortmund,Restaurants,Imported Beer (0.33 liter bottle),3.25,€,2.00,4.00
1184,Dortmund,Restaurants,Cappuccino (regular),3.01,€,1.80,4.45
1185,Dortmund,Restaurants,Coke/Pepsi (0.33 liter bottle),2.35,€,1.50,3.00
1186,Dortmund,Restaurants,Water (0.33 liter bottle),2.01,€,1.80,2.50
1188,Dortmund,Markets,"Milk (regular), (1 liter)",1.06,€,0.79,1.19
1189,Dortmund,Markets,Loaf of Fresh White Bread (500g),2.70,€,0.79,4.50
1190,Dortmund,Markets,"Rice (white), (1kg)",2.36,€,1.89,4.00
1191,Dortmund,Markets,Eggs (regular) (12),3.37,€,1.56,5.00
1192,Dortmund,Markets,Local Cheese (1kg),11.80,€,8.00,12.40
1193,Dortmund,Markets,Chicken Fillets (1kg),7.75,€,4.00,10.00
1194,Dortmund,Markets,Beef Round (1kg) (or Equivalent Back Leg Red Meat),17.75,€,10.00,21.00
1195,Dortmund,Markets,Apples (1kg),2.75,€,1.50,4.00
1196,Dortmund,Markets,Banana (1kg),1.55,€,1.19,1.59
1197,Dortmund,Markets,Oranges (1kg),2.28,€,1.35,3.50
1198,Dortmund,Markets,Tomato (1kg),0.79,€,0.79,2.99
1199,Dortmund,Markets,Potato (1kg),2.20,€,0.50,3.50
1200,Dortmund,Markets,Onion (1kg),0.89,€,0.89,1.99
1201,Dortmund,Markets,Lettuce (1 head),1.75,€,1.20,3.00
1202,Dortmund,Markets,Water (1.5 liter bottle),0.53,€,0.40,2.00
1203,Dortmund,Markets,Bottle of Wine (Mid-Range),5.00,€,4.00,7.00
1204,Dortmund,Markets,Domestic Beer (0.5 liter bottle),0.53,€,0.53,0.80
1205,Dortmund,Markets,Imported Beer (0.33 liter bottle),1.75,€,1.00,2.50
1206,Dortmund,Markets,Cigarettes 20 Pack (Marlboro),7.00,€,6.40,7.50
1208,Dortmund,Transportation,One-way Ticket (Local Transport),3.00,€,2.90,3.30
1209,Dortmund,Transportation,Monthly Pass (Regular Price),70.00,€,58.00,77.73
1210,Dortmund,Transportation,Taxi Start (Normal Tariff),3.50,€,3.20,5.00
1211,Dortmund,Transportation,Taxi 1km (Normal Tariff),1.90,€,1.60,2.00
1212,Dortmund,Transportation,Taxi 1hour Waiting (Normal Tariff),30.00,€,27.00,60.00
1213,Dortmund,Transportation,Gasoline (1 liter),2.08,€,1.74,2.22
1214,Dortmund,Transportation,Volkswagen Golf 1.4 90 KW Trendline (Or Equivalent New Car),"25,000.00",€,"20,000.00","30,000.00"
1215,Dortmund,Transportation,Toyota Corolla Sedan 1.6l 97kW Comfort (Or Equivalent New Car),"25,000.00",€,"20,000.00","30,000.00"
1217,Dortmund,Utilities (Monthly),"Basic (Electricity, Heating, Cooling, Water, Garbage) for 85m2 Apartment",314.85,€,245.56,425.00
1218,Dortmund,Utilities (Monthly),1 min. of Prepaid Mobile Tariff Local (No Discounts or Plans),0.11,€,0.05,0.20
1219,Dortmund,Utilities (Monthly),"Internet (60 Mbps or More, Unlimited Data, Cable/ADSL)",35.59,€,30.00,50.00
1221,Dortmund,Internet (60 Mbps,"Fitness Club, Monthly Fee for 1 Adult",25.14,€,19.99,30.00
1222,Dortmund,Internet (60 Mbps,Tennis Court Rent (1 Hour on Weekend),19.00,€,18.00,20.00
1223,Dortmund,Internet (60 Mbps,"Cinema, International Release, 1 Seat",14.00,€,8.50,15.00
1225,Dortmund,Childcare,"Preschool (or Kindergarten), Full Day, Private, Monthly for 1 Child",200.00,€,200.00,200.00
1226,Dortmund,Childcare,"International Primary School, Yearly for 1 Child",?,,,
1228,Dortmund,Clothing And Shoes,1 Pair of Jeans (Levis 501 Or Similar),96.67,€,70.00,150.00
1229,Dortmund,Clothing And Shoes,"1 Summer Dress in a Chain Store (Zara, H&M, ...)",45.00,€,20.00,70.00
1230,Dortmund,Clothing And Shoes,1 Pair of Nike Running Shoes (Mid-Range),94.00,€,30.00,200.00
1231,Dortmund,Clothing And Shoes,1 Pair of Men Leather Business Shoes,180.00,€,60.00,250.00
1233,Dortmund,Rent Per Month,Apartment (1 bedroom) in City Centre,605.00,€,560.00,900.00
1234,Dortmund,Rent Per Month,Apartment (1 bedroom) Outside of Centre,366.67,€,250.00,500.00
1235,Dortmund,Rent Per Month,Apartment (3 bedrooms) in City Centre,"1,450.00",€,"1,300.00","1,600.00"
1236,Dortmund,Rent Per Month,Apartment (3 bedrooms) Outside of Centre,800.00,€,,
1238,Dortmund,Apartment (3 bedrooms),Price per Square Meter to Buy Apartment in City Centre,"3,400.00",€,,
1239,Dortmund,Apartment (3 bedrooms),Price per Square Meter to Buy Apartment Outside of Centre,"2,300.00",€,,
